chembl_id,drug_names,smiles_x,entity_types,entity_ids,max_phase,statuses,is_known_from_kg,n_entities,norm_drug_names,overlap_name_with_known,filter_reason,smiles_single,smiles_y,lipophilicity_logP,solubility_logS,solubility_logS_lower_bound,solubility_logS_upper_bound,solubility_Capped_logS_lower_bound,solubility_Capped_logS_upper_bound,pampa_p_value_0,pampa_p_value_1,pampa_PAMPA_permeability,pgp_p_value_0,pgp_p_value_1,pgp_PGP_inhibition,herg_p_value_0,herg_p_value_1,herg_hERG_inhibition,cyp3a4_p_value_0,cyp3a4_p_value_1,cyp3a4_CYP3A4_inhibition,cyp2d6_p_value_0,cyp2d6_p_value_1,cyp2d6_CYP2D6_inhibition,cyp2c9_p_value_0,cyp2c9_p_value_1,cyp2c9_CYP2C9_inhibition,protein_count,pathway_count,moa_count,mech_raw,mech_score,admet_raw,solubility_uM,admet_score,combined_score,rank,moa_set,pathway_set,protein_set,norm_name,top_conc_uM,conc_1_uM,conc_2_uM,conc_3_uM,conc_4_uM,conc_5_uM,conc_6_uM,conc_7_uM,conc_8_uM,conc_9_uM,conc_10_uM
CHEMBL535,SUNITINIB,CCN(CC)CCNC(=O)c1c(C)[nH]c(/C=C2\C(=O)Nc3ccc(F)cc32)c1C,protein|pathway|moa,FLT3|KIT|PDGFRB|RET|KDR|FLT4|PDGFRA|R-HSA-1257604|R-HSA-186763|R-HSA-186797|R-HSA-2219530|R-HSA-5673001|R-HSA-6811558|R-HSA-109704|R-HSA-9607240|R-HSA-9645135|R-HSA-9702509|R-HSA-9702518|R-HSA-9702569|R-HSA-9702577|R-HSA-9702581|R-HSA-9702590|R-HSA-9702596|R-HSA-9702600|R-HSA-9702605|R-HSA-9702614|R-HSA-9702620|R-HSA-9702624|R-HSA-9702632|R-HSA-9702636|R-HSA-9702998|R-HSA-9703009|R-HSA-9703648|R-HSA-9706369|R-HSA-9706374|R-HSA-9706377|R-HSA-5218921|R-HSA-8853659|R-HSA-9768919|R-HSA-9830364|R-HSA-9830674|R-HSA-9673767|R-HSA-9673770|R-HSA-9674396|R-HSA-9674401|R-HSA-9674403|R-HSA-9674404|R-HSA-9674428|R-HSA-1433557|R-HSA-9670439|R-HSA-4420097|R-HSA-1433559|R-HSA-8866910|R-HSA-9669914|R-HSA-9669917|R-HSA-9669921|R-HSA-9669924|R-HSA-9669926|R-HSA-9669929|R-HSA-9669933|R-HSA-9669934|R-HSA-9669935|R-HSA-9669936|R-HSA-9680187|R-HSA-9856649|R-HSA-195399|R-HSA-9013695|R-HSA-9856530|R-HSA-194306|R-HSA-216083|R-HSA-9673768|R-HSA-2028269|Macrophage colony stimulating factor receptor inhibitor|Platelet-derived growth factor receptor beta inhibitor|Stem cell growth factor receptor inhibitor|Tyrosine-protein kinase receptor FLT3 inhibitor|Tyrosine-protein kinase receptor RET inhibitor|Vascular endothelial growth factor receptor 2 inhibitor,4.0,Completed|Terminated,False,78,sunitinib,False,,CCN(CC)CCNC(=O)c1c(C)[nH]c(/C=C2\C(=O)Nc3ccc(F)cc32)c1C,CCN(CC)CCNC(=O)c1c(C)[nH]c(/C=C2\C(=O)Nc3ccc(F)cc32)c1C,3.3349400000000013,-2.48,-3.09,-1.88,-3.09,-1.88,0.105,0.777,1.0,0.0789,0.229,1,0.204,0.241,1,0.673,0.0588,0.0,0.514,0.134,0.0,0.586,0.0865,0.0,7,65,6,7.78423682521141,0.9137133242899534,1.0,3311.311214825911,1.0,0.9395993270029674,1,"{'platelet-derived growth factor receptor beta inhibitor', 'vascular endothelial growth factor receptor 2 inhibitor', 'macrophage colony stimulating factor receptor inhibitor', 'stem cell growth factor receptor inhibitor', 'tyrosine-protein kinase receptor ret inhibitor', 'tyrosine-protein kinase receptor flt3 inhibitor'}","{'R-HSA-9673770', 'R-HSA-9856530', 'R-HSA-8866910', 'R-HSA-9702632', 'R-HSA-4420097', 'R-HSA-9669924', 'R-HSA-195399', 'R-HSA-9706369', 'R-HSA-9768919', 'R-HSA-5218921', 'R-HSA-9669921', 'R-HSA-109704', 'R-HSA-9706377', 'R-HSA-9702581', 'R-HSA-9702636', 'R-HSA-9830364', 'R-HSA-9670439', 'R-HSA-1433559', 'R-HSA-9669935', 'R-HSA-9673767', 'R-HSA-9674428', 'R-HSA-9669926', 'R-HSA-9702569', 'R-HSA-186763', 'R-HSA-9702577', 'R-HSA-9702605', 'R-HSA-2219530', 'R-HSA-9607240', 'R-HSA-9674404', 'R-HSA-9703648', 'R-HSA-194306', 'R-HSA-9702596', 'R-HSA-9830674', 'R-HSA-5673001', 'R-HSA-1433557', 'R-HSA-9674403', 'R-HSA-9702509', 'R-HSA-9680187', 'R-HSA-9856649', 'R-HSA-1257604', 'R-HSA-9702518', 'R-HSA-6811558', 'R-HSA-9706374', 'R-HSA-9702590', 'R-HSA-8853659', 'R-HSA-9702998', 'R-HSA-9669929', 'R-HSA-9013695', 'R-HSA-9669936', 'R-HSA-9674396', 'R-HSA-9673768', 'R-HSA-216083', 'R-HSA-9645135', 'R-HSA-2028269', 'R-HSA-9674401', 'R-HSA-186797', 'R-HSA-9702600', 'R-HSA-9702624', 'R-HSA-9702620', 'R-HSA-9703009', 'R-HSA-9669934', 'R-HSA-9669917', 'R-HSA-9669914', 'R-HSA-9669933', 'R-HSA-9702614'}","{'PDGFRA', 'FLT3', 'RET', 'FLT4', 'PDGFRB', 'KDR', 'KIT'}",sunitinib,50.0,50.0,16.666666666666668,5.555555555555555,1.8518518518518519,0.6172839506172839,0.205761316872428,0.06858710562414266,0.022862368541380886,0.007620789513793629,0.002540263171264543
CHEMBL1278146,FAMITINIB,CCN(CC)CCN1CCc2[nH]c(/C=C3\C(=O)Nc4ccc(F)cc43)c(C)c2C1=O,protein|pathway|moa,FLT3|KIT|PDGFRB|KDR|FLT4|PDGFRA|R-HSA-1257604|R-HSA-186763|R-HSA-186797|R-HSA-2219530|R-HSA-5673001|R-HSA-6811558|R-HSA-109704|R-HSA-9607240|R-HSA-9645135|R-HSA-9702509|R-HSA-9702518|R-HSA-9702569|R-HSA-9702577|R-HSA-9702581|R-HSA-9702590|R-HSA-9702596|R-HSA-9702600|R-HSA-9702605|R-HSA-9702614|R-HSA-9702620|R-HSA-9702624|R-HSA-9702632|R-HSA-9702636|R-HSA-9702998|R-HSA-9703009|R-HSA-9703648|R-HSA-9706369|R-HSA-9706374|R-HSA-9706377|R-HSA-5218921|R-HSA-9673767|R-HSA-9673770|R-HSA-9674396|R-HSA-9674401|R-HSA-9674403|R-HSA-9674404|R-HSA-9674428|R-HSA-1433557|R-HSA-9670439|R-HSA-4420097|R-HSA-1433559|R-HSA-8866910|R-HSA-9669914|R-HSA-9669917|R-HSA-9669921|R-HSA-9669924|R-HSA-9669926|R-HSA-9669929|R-HSA-9669933|R-HSA-9669934|R-HSA-9669935|R-HSA-9669936|R-HSA-9680187|R-HSA-9856649|R-HSA-195399|R-HSA-9013695|R-HSA-9856530|R-HSA-194306|R-HSA-216083|R-HSA-9673768|R-HSA-2028269|Platelet-derived growth factor receptor inhibitor|Stem cell growth factor receptor inhibitor|Tyrosine-protein kinase receptor FLT3 inhibitor|Vascular endothelial growth factor receptor 2 inhibitor,3.0,Completed,False,71,famitinib,False,,CCN(CC)CCN1CCc2[nH]c(/C=C3\C(=O)Nc4ccc(F)cc43)c(C)c2C1=O,CCN(CC)CCN1CCc2[nH]c(/C=C3\C(=O)Nc4ccc(F)cc43)c(C)c2C1=O,3.295020000000001,-3.45,-4.19,-2.72,-4.19,-2.72,0.0794,0.896,1.0,0.182,0.188,0.5,0.606,0.0799,0,0.467,0.139,0.0,0.555,0.114,0.0,0.349,0.166,0.0,6,61,4,7.193896325409403,0.8353477018746125,1.0,354.8133892335753,1.0,0.8847433913122287,2,"{'stem cell growth factor receptor inhibitor', 'vascular endothelial growth factor receptor 2 inhibitor', 'platelet-derived growth factor receptor inhibitor', 'tyrosine-protein kinase receptor flt3 inhibitor'}","{'R-HSA-9673770', 'R-HSA-9856530', 'R-HSA-8866910', 'R-HSA-9702632', 'R-HSA-4420097', 'R-HSA-9669924', 'R-HSA-195399', 'R-HSA-9706369', 'R-HSA-5218921', 'R-HSA-9669921', 'R-HSA-109704', 'R-HSA-9706377', 'R-HSA-9702581', 'R-HSA-9702636', 'R-HSA-9670439', 'R-HSA-1433559', 'R-HSA-9669935', 'R-HSA-9673767', 'R-HSA-9674428', 'R-HSA-9669926', 'R-HSA-9702569', 'R-HSA-186763', 'R-HSA-9702577', 'R-HSA-9702605', 'R-HSA-2219530', 'R-HSA-9607240', 'R-HSA-9674404', 'R-HSA-9703648', 'R-HSA-194306', 'R-HSA-9702596', 'R-HSA-5673001', 'R-HSA-1433557', 'R-HSA-9674403', 'R-HSA-9702509', 'R-HSA-9680187', 'R-HSA-9856649', 'R-HSA-1257604', 'R-HSA-9702518', 'R-HSA-6811558', 'R-HSA-9706374', 'R-HSA-9702590', 'R-HSA-9702998', 'R-HSA-9669929', 'R-HSA-9013695', 'R-HSA-9669936', 'R-HSA-9674396', 'R-HSA-9673768', 'R-HSA-216083', 'R-HSA-9645135', 'R-HSA-2028269', 'R-HSA-9674401', 'R-HSA-186797', 'R-HSA-9702600', 'R-HSA-9702624', 'R-HSA-9702620', 'R-HSA-9703009', 'R-HSA-9669934', 'R-HSA-9669917', 'R-HSA-9669914', 'R-HSA-9669933', 'R-HSA-9702614'}","{'PDGFRA', 'FLT3', 'FLT4', 'PDGFRB', 'KDR', 'KIT'}",famitinib,50.0,50.0,16.666666666666668,5.555555555555555,1.8518518518518519,0.6172839506172839,0.205761316872428,0.06858710562414266,0.022862368541380886,0.007620789513793629,0.002540263171264543
CHEMBL522892,DOVITINIB,CN1CCN(c2ccc3nc(-c4c(N)c5c(F)cccc5[nH]c4=O)[nH]c3c2)CC1,protein|pathway|moa,FLT3|KIT|PDGFRB|KDR|FLT4|PDGFRA|R-HSA-1257604|R-HSA-186763|R-HSA-186797|R-HSA-2219530|R-HSA-5673001|R-HSA-6811558|R-HSA-109704|R-HSA-9607240|R-HSA-9645135|R-HSA-9702509|R-HSA-9702518|R-HSA-9702569|R-HSA-9702577|R-HSA-9702581|R-HSA-9702590|R-HSA-9702596|R-HSA-9702600|R-HSA-9702605|R-HSA-9702614|R-HSA-9702620|R-HSA-9702624|R-HSA-9702632|R-HSA-9702636|R-HSA-9702998|R-HSA-9703009|R-HSA-9703648|R-HSA-9706369|R-HSA-9706374|R-HSA-9706377|R-HSA-5218921|R-HSA-9673767|R-HSA-9673770|R-HSA-9674396|R-HSA-9674401|R-HSA-9674403|R-HSA-9674404|R-HSA-9674428|R-HSA-1433557|R-HSA-9670439|R-HSA-4420097|R-HSA-1433559|R-HSA-8866910|R-HSA-9669914|R-HSA-9669917|R-HSA-9669921|R-HSA-9669924|R-HSA-9669926|R-HSA-9669929|R-HSA-9669933|R-HSA-9669934|R-HSA-9669935|R-HSA-9669936|R-HSA-9680187|R-HSA-9856649|R-HSA-195399|R-HSA-9013695|R-HSA-9856530|R-HSA-194306|R-HSA-216083|R-HSA-9673768|R-HSA-2028269|Platelet-derived growth factor receptor inhibitor|Stem cell growth factor receptor inhibitor|Tyrosine-protein kinase receptor FLT3 inhibitor|Vascular endothelial growth factor receptor inhibitor,3.0,Completed,False,71,dovitinib,False,,CN1CCN(c2ccc3nc(-c4c(N)c5c(F)cccc5[nH]c4=O)[nH]c3c2)CC1,CN1CCN(c2ccc3nc(-c4c(N)c5c(F)cccc5[nH]c4=O)[nH]c3c2)CC1,2.5445,-2.89,-3.43,-2.35,-3.43,-2.35,0.282,0.321,0.5,0.568,0.0929,0,0.506,0.113,0,0.545,0.0792,0.0,0.409,0.198,0.0,0.168,0.361,1.0,6,61,4,7.193896325409403,0.8353477018746125,0.9,1288.2495516931338,0.9,0.8547433913122288,4,"{'stem cell growth factor receptor inhibitor', 'vascular endothelial growth factor receptor inhibitor', 'platelet-derived growth factor receptor inhibitor', 'tyrosine-protein kinase receptor flt3 inhibitor'}","{'R-HSA-9673770', 'R-HSA-9856530', 'R-HSA-8866910', 'R-HSA-9702632', 'R-HSA-4420097', 'R-HSA-9669924', 'R-HSA-195399', 'R-HSA-9706369', 'R-HSA-5218921', 'R-HSA-9669921', 'R-HSA-109704', 'R-HSA-9706377', 'R-HSA-9702581', 'R-HSA-9702636', 'R-HSA-9670439', 'R-HSA-1433559', 'R-HSA-9669935', 'R-HSA-9673767', 'R-HSA-9674428', 'R-HSA-9669926', 'R-HSA-9702569', 'R-HSA-186763', 'R-HSA-9702577', 'R-HSA-9702605', 'R-HSA-2219530', 'R-HSA-9607240', 'R-HSA-9674404', 'R-HSA-9703648', 'R-HSA-194306', 'R-HSA-9702596', 'R-HSA-5673001', 'R-HSA-1433557', 'R-HSA-9674403', 'R-HSA-9702509', 'R-HSA-9680187', 'R-HSA-9856649', 'R-HSA-1257604', 'R-HSA-9702518', 'R-HSA-6811558', 'R-HSA-9706374', 'R-HSA-9702590', 'R-HSA-9702998', 'R-HSA-9669929', 'R-HSA-9013695', 'R-HSA-9669936', 'R-HSA-9674396', 'R-HSA-9673768', 'R-HSA-216083', 'R-HSA-9645135', 'R-HSA-2028269', 'R-HSA-9674401', 'R-HSA-186797', 'R-HSA-9702600', 'R-HSA-9702624', 'R-HSA-9702620', 'R-HSA-9703009', 'R-HSA-9669934', 'R-HSA-9669917', 'R-HSA-9669914', 'R-HSA-9669933', 'R-HSA-9702614'}","{'PDGFRA', 'FLT3', 'FLT4', 'PDGFRB', 'KDR', 'KIT'}",dovitinib,50.0,50.0,16.666666666666668,5.555555555555555,1.8518518518518519,0.6172839506172839,0.205761316872428,0.06858710562414266,0.022862368541380886,0.007620789513793629,0.002540263171264543
CHEMBL1946170,REGORAFENIB,CNC(=O)c1cc(Oc2ccc(NC(=O)Nc3ccc(Cl)c(C(F)(F)F)c3)c(F)c2)ccn1,protein|pathway|moa,KIT|PDGFRB|RET|ABL1|RAF1|BRAF|KDR|FLT4|PDGFRA|R-HSA-1257604|R-HSA-186763|R-HSA-186797|R-HSA-2219530|R-HSA-5673001|R-HSA-6811558|R-HSA-2029482|R-HSA-428890|R-HSA-525793|R-HSA-5663213|R-HSA-5685938|R-HSA-5693565|R-HSA-69231|R-HSA-8939236|R-HSA-8940973|R-HSA-9664422|R-HSA-983231|R-HSA-9841922|R-HSA-9860927|R-HSA-5218921|R-HSA-8853659|R-HSA-9768919|R-HSA-9830364|R-HSA-9830674|R-HSA-9673767|R-HSA-9673770|R-HSA-9674396|R-HSA-9674401|R-HSA-9674403|R-HSA-9674404|R-HSA-9674428|R-HSA-1433557|R-HSA-5673000|R-HSA-6802946|R-HSA-6802952|R-HSA-6802955|R-HSA-9649948|R-HSA-9656223|R-HSA-9670439|R-HSA-9732724|R-HSA-4420097|R-HSA-2672351|R-HSA-392517|R-HSA-430116|R-HSA-5621575|R-HSA-5674135|R-HSA-5674499|R-HSA-5675221|R-HSA-6802948|R-HSA-9726840|R-HSA-9726842|R-HSA-1433559|R-HSA-8866910|R-HSA-9669914|R-HSA-9669917|R-HSA-9669921|R-HSA-9669924|R-HSA-9669926|R-HSA-9669929|R-HSA-9669933|R-HSA-9669934|R-HSA-9669935|R-HSA-9669936|R-HSA-9680187|R-HSA-9856649|R-HSA-1295596|R-HSA-170968|R-HSA-170984|R-HSA-187706|R-HSA-195399|R-HSA-9013695|R-HSA-9856530|R-HSA-194306|R-HSA-216083|R-HSA-9673768|R-HSA-2028269|Ephrin type-A receptor 2 inhibitor|Platelet-derived growth factor receptor inhibitor|Serine/threonine-protein kinase B-raf inhibitor|Serine/threonine-protein kinase RAF inhibitor|Stem cell growth factor receptor inhibitor|Tyrosine-protein kinase ABL inhibitor|Tyrosine-protein kinase receptor RET inhibitor|Vascular endothelial growth factor receptor inhibitor,4.0,,False,93,regorafenib,False,,CNC(=O)c1cc(Oc2ccc(NC(=O)Nc3ccc(Cl)c(C(F)(F)F)c3)c(F)c2)ccn1,CNC(=O)c1cc(Oc2ccc(NC(=O)Nc3ccc(Cl)c(C(F)(F)F)c3)c(F)c2)ccn1,5.688800000000002,-6.84,-7.6,-6.08,-7.6,-6.08,0.0989,0.718,1.0,0.171,0.186,0.5,0.471,0.131,0,0.472,0.121,0.0,0.863,0.0265,0.0,0.793,0.0319,0.0,9,76,8,8.434247859322088,1.0,0.5,0.1445439770745928,0.5,0.85,5,"{'ephrin type-a receptor 2 inhibitor', 'vascular endothelial growth factor receptor inhibitor', 'tyrosine-protein kinase abl inhibitor', 'platelet-derived growth factor receptor inhibitor', 'serine/threonine-protein kinase raf inhibitor', 'serine/threonine-protein kinase b-raf inhibitor', 'stem cell growth factor receptor inhibitor', 'tyrosine-protein kinase receptor ret inhibitor'}","{'R-HSA-9673770', 'R-HSA-9656223', 'R-HSA-9726842', 'R-HSA-9856530', 'R-HSA-187706', 'R-HSA-5674135', 'R-HSA-4420097', 'R-HSA-69231', 'R-HSA-430116', 'R-HSA-9669924', 'R-HSA-195399', 'R-HSA-5218921', 'R-HSA-6802955', 'R-HSA-5621575', 'R-HSA-9669921', 'R-HSA-983231', 'R-HSA-9830364', 'R-HSA-9670439', 'R-HSA-9732724', 'R-HSA-1433559', 'R-HSA-392517', 'R-HSA-5675221', 'R-HSA-9673767', 'R-HSA-9726840', 'R-HSA-9674428', 'R-HSA-9669926', 'R-HSA-9669935', 'R-HSA-186763', 'R-HSA-428890', 'R-HSA-170984', 'R-HSA-2219530', 'R-HSA-9674404', 'R-HSA-8939236', 'R-HSA-6802952', 'R-HSA-194306', 'R-HSA-6802948', 'R-HSA-9830674', 'R-HSA-5673001', 'R-HSA-1433557', 'R-HSA-9674403', 'R-HSA-525793', 'R-HSA-9860927', 'R-HSA-9680187', 'R-HSA-5674499', 'R-HSA-9856649', 'R-HSA-2029482', 'R-HSA-5663213', 'R-HSA-1295596', 'R-HSA-1257604', 'R-HSA-6811558', 'R-HSA-2672351', 'R-HSA-5685938', 'R-HSA-8853659', 'R-HSA-5693565', 'R-HSA-5673000', 'R-HSA-9649948', 'R-HSA-9669929', 'R-HSA-6802946', 'R-HSA-9013695', 'R-HSA-9669936', 'R-HSA-9841922', 'R-HSA-8940973', 'R-HSA-9674396', 'R-HSA-170968', 'R-HSA-216083', 'R-HSA-9673768', 'R-HSA-9674401', 'R-HSA-2028269', 'R-HSA-186797', 'R-HSA-9664422', 'R-HSA-8866910', 'R-HSA-9669934', 'R-HSA-9768919', 'R-HSA-9669917', 'R-HSA-9669914', 'R-HSA-9669933'}","{'PDGFRA', 'RET', 'BRAF', 'RAF1', 'FLT4', 'ABL1', 'PDGFRB', 'KDR', 'KIT'}",regorafenib,1.0,1.0,0.3333333333333333,0.1111111111111111,0.037037037037037035,0.012345679012345678,0.00411522633744856,0.0013717421124828531,0.0004572473708276177,0.00015241579027587258,5.080526342529086e-05
CHEMBL1201733,PAZOPANIB HYDROCHLORIDE,Cc1ccc(Nc2nccc(N(C)c3ccc4c(C)n(C)nc4c3)n2)cc1S(N)(=O)=O.Cl,protein|pathway|moa,KIT|PDGFRB|KDR|FLT4|PDGFRA|R-HSA-1257604|R-HSA-186763|R-HSA-186797|R-HSA-2219530|R-HSA-5673001|R-HSA-6811558|R-HSA-5218921|R-HSA-9673767|R-HSA-9673770|R-HSA-9674396|R-HSA-9674401|R-HSA-9674403|R-HSA-9674404|R-HSA-9674428|R-HSA-1433557|R-HSA-9670439|R-HSA-4420097|R-HSA-1433559|R-HSA-8866910|R-HSA-9669914|R-HSA-9669917|R-HSA-9669921|R-HSA-9669924|R-HSA-9669926|R-HSA-9669929|R-HSA-9669933|R-HSA-9669934|R-HSA-9669935|R-HSA-9669936|R-HSA-9680187|R-HSA-9856649|R-HSA-195399|R-HSA-9013695|R-HSA-9856530|R-HSA-194306|R-HSA-216083|R-HSA-9673768|R-HSA-2028269|Macrophage colony stimulating factor receptor inhibitor|Platelet-derived growth factor receptor inhibitor|Stem cell growth factor receptor inhibitor|Vascular endothelial growth factor receptor inhibitor,4.0,,False,47,pazopanib,False,,Cc1ccc(Nc2nccc(N(C)c3ccc4c(C)n(C)nc4c3)n2)cc1S(N)(=O)=O.Cl,Cc1ccc(Nc2nccc(N(C)c3ccc4c(C)n(C)nc4c3)n2)cc1S(N)(=O)=O.Cl,3.560840000000001,-2.0,-2.71,-1.29,-2.71,-1.29,0.15,0.634,1.0,0.549,0.0895,0,0.564,0.0961,0,0.585,0.0933,0.0,0.826,0.0408,0.0,0.685,0.0531,0.0,5,38,4,6.674698217530517,0.7664259814531911,1.0,10000.0,1.0,0.8364981870172337,6,"{'stem cell growth factor receptor inhibitor', 'vascular endothelial growth factor receptor inhibitor', 'platelet-derived growth factor receptor inhibitor', 'macrophage colony stimulating factor receptor inhibitor'}","{'R-HSA-9673770', 'R-HSA-9856530', 'R-HSA-4420097', 'R-HSA-9669924', 'R-HSA-195399', 'R-HSA-5218921', 'R-HSA-9669921', 'R-HSA-9670439', 'R-HSA-1433559', 'R-HSA-9669935', 'R-HSA-9673767', 'R-HSA-9674428', 'R-HSA-9669926', 'R-HSA-186763', 'R-HSA-2219530', 'R-HSA-9674404', 'R-HSA-194306', 'R-HSA-5673001', 'R-HSA-1433557', 'R-HSA-9674403', 'R-HSA-9680187', 'R-HSA-9856649', 'R-HSA-1257604', 'R-HSA-6811558', 'R-HSA-9669929', 'R-HSA-9013695', 'R-HSA-9669936', 'R-HSA-9674396', 'R-HSA-9673768', 'R-HSA-216083', 'R-HSA-2028269', 'R-HSA-9674401', 'R-HSA-186797', 'R-HSA-9669934', 'R-HSA-8866910', 'R-HSA-9669917', 'R-HSA-9669914', 'R-HSA-9669933'}","{'PDGFRA', 'FLT4', 'PDGFRB', 'KDR', 'KIT'}",pazopanib,50.0,50.0,16.666666666666668,5.555555555555555,1.8518518518518519,0.6172839506172839,0.205761316872428,0.06858710562414266,0.022862368541380886,0.007620789513793629,0.002540263171264543
CHEMBL4297789,MT-3724,,protein|pathway,RPS29|RPL35A|RPL36|RPL23|RPL5|RPL11|RPS27|RPS26|RPL31|RPS7|RPS10|RPS19|RPS17|RPS28|RPS27A|RPL15|RPL26|RPS24|R-HSA-6783310|R-HSA-8939236|R-HSA-9692916|R-HSA-156827|R-HSA-156902|R-HSA-1799339|R-HSA-192823|R-HSA-2408557|R-HSA-6791226|R-HSA-72649|R-HSA-72689|R-HSA-72695|R-HSA-72702|R-HSA-72706|R-HSA-72764|R-HSA-9010553|R-HSA-9633012|R-HSA-9735869|R-HSA-9754678|R-HSA-975956|R-HSA-975957|R-HSA-9706369|R-HSA-9706377|R-HSA-9033241|R-HSA-6790901|R-HSA-5689603|R-HSA-1169091|R-HSA-110314|R-HSA-5656169|R-HSA-5685942|R-HSA-5696400|R-HSA-6782135|R-HSA-6782210|R-HSA-2173791|R-HSA-5658442|R-HSA-5655862|R-HSA-8866652|R-HSA-2672351|R-HSA-5675221|R-HSA-2467813|R-HSA-2500257|R-HSA-5607764|R-HSA-9755511|R-HSA-1169408|R-HSA-9705671|R-HSA-141444|R-HSA-5663220|R-HSA-68877|R-HSA-9648025|R-HSA-1236382|R-HSA-1295596|R-HSA-182971|R-HSA-5654726|R-HSA-5654727|R-HSA-5654732|R-HSA-5654733|R-HSA-6807004|R-HSA-8849469|R-HSA-8856825|R-HSA-8856828|R-HSA-8875360|R-HSA-5357905|R-HSA-9680350|R-HSA-202424|R-HSA-2871837|R-HSA-9648002|R-HSA-9705462|R-HSA-209543|R-HSA-5693565|R-HSA-69231|R-HSA-5632684|R-HSA-9725370|R-HSA-5696395|R-HSA-6807070|R-HSA-2559580|R-HSA-2559585|R-HSA-349425|R-HSA-5689880|R-HSA-5689896|R-HSA-6804756|R-HSA-6804757|R-HSA-6804760|R-HSA-69473|R-HSA-69541|R-HSA-8852276|R-HSA-9758274|R-HSA-1234176|R-HSA-1236974|R-HSA-1253288|R-HSA-1358803|R-HSA-162588|R-HSA-168638|R-HSA-168927|R-HSA-168928|R-HSA-174048|R-HSA-174113|R-HSA-174154|R-HSA-174178|R-HSA-174184|R-HSA-174490|R-HSA-175474|R-HSA-179409|R-HSA-180534|R-HSA-180585|R-HSA-1442490|R-HSA-195253|R-HSA-201681|R-HSA-205043|R-HSA-209560|R-HSA-211733|R-HSA-2122947|R-HSA-2122948|R-HSA-2173788|R-HSA-2173795|R-HSA-2173796|R-HSA-2559582|R-HSA-2565942|R-HSA-2644606|R-HSA-2691232|R-HSA-2894862|R-HSA-2979096|R-HSA-3134975|R-HSA-3322077|R-HSA-3769402|R-HSA-3785653|R-HSA-382556|R-HSA-445989|R-HSA-450302|R-HSA-450321|R-HSA-450408|R-HSA-4608870|R-HSA-4641257|R-HSA-9766229|R-HSA-4641263|R-HSA-5205685|R-HSA-532668|R-HSA-5357956|R-HSA-5358346|R-HSA-5362768|R-HSA-5607761|R-HSA-5610780|R-HSA-5610783|R-HSA-5610785|R-HSA-5668541|R-HSA-5675482|R-HSA-5676590|R-HSA-5678895|R-HSA-112409|R-HSA-5687128|R-HSA-5689877|R-HSA-5689901|R-HSA-5693607|R-HSA-5696394|R-HSA-6781823|R-HSA-6781827|R-HSA-68867|R-HSA-68949|R-HSA-69017|R-HSA-75815|R-HSA-8854050|R-HSA-8863795|R-HSA-8866427|R-HSA-8866654|R-HSA-8876493|R-HSA-8939902|R-HSA-8941858|R-HSA-8948751|R-HSA-8951664|R-HSA-901032|R-HSA-9013507|R-HSA-9013973|R-HSA-9014325|R-HSA-9020702|R-HSA-909733|R-HSA-917729|R-HSA-917937|R-HSA-936440|R-HSA-936964|R-HSA-937039|R-HSA-937041|R-HSA-937042|R-HSA-937072|R-HSA-9604323|R-HSA-9613829|R-HSA-9615710|R-HSA-9636383|R-HSA-9637628|R-HSA-9645460|R-HSA-9646399|R-HSA-9664873|R-HSA-9683612|R-HSA-9708530|R-HSA-975110|R-HSA-975144|R-HSA-975163|R-HSA-9762114|R-HSA-977225|R-HSA-918233|R-HSA-9828211|R-HSA-983168|R-HSA-9833109|R-HSA-9861718,2.0,Terminated,False,220,mt 3724,False,,,,,,,,,,,,,,,,,,,,,,,,,,,,18,202,0,7.2034994346474654,0.8366224808078141,0.7,,0.7,0.7956357365654698,7,set(),"{'R-HSA-5687128', 'R-HSA-6781827', 'R-HSA-9014325', 'R-HSA-2559585', 'R-HSA-5675482', 'R-HSA-168927', 'R-HSA-975110', 'R-HSA-192823', 'R-HSA-5357905', 'R-HSA-450302', 'R-HSA-5689877', 'R-HSA-917937', 'R-HSA-9766229', 'R-HSA-5668541', 'R-HSA-72689', 'R-HSA-901032', 'R-HSA-5610783', 'R-HSA-174178', 'R-HSA-9833109', 'R-HSA-174184', 'R-HSA-75815', 'R-HSA-8863795', 'R-HSA-202424', 'R-HSA-1234176', 'R-HSA-5358346', 'R-HSA-8939902', 'R-HSA-3134975', 'R-HSA-9604323', 'R-HSA-5676590', 'R-HSA-141444', 'R-HSA-72764', 'R-HSA-2173795', 'R-HSA-5693607', 'R-HSA-1236974', 'R-HSA-9762114', 'R-HSA-2467813', 'R-HSA-5663220', 'R-HSA-4608870', 'R-HSA-9861718', 'R-HSA-4641257', 'R-HSA-9683612', 'R-HSA-2979096', 'R-HSA-156827', 'R-HSA-9754678', 'R-HSA-211733', 'R-HSA-9735869', 'R-HSA-2500257', 'R-HSA-72706', 'R-HSA-9645460', 'R-HSA-180585', 'R-HSA-6807070', 'R-HSA-2871837', 'R-HSA-69231', 'R-HSA-69541', 'R-HSA-5655862', 'R-HSA-180534', 'R-HSA-5689880', 'R-HSA-110314', 'R-HSA-5654732', 'R-HSA-5362768', 'R-HSA-9615710', 'R-HSA-5696395', 'R-HSA-8866652', 'R-HSA-6807004', 'R-HSA-5696394', 'R-HSA-8948751', 'R-HSA-1169091', 'R-HSA-5607764', 'R-HSA-349425', 'R-HSA-937041', 'R-HSA-9828211', 'R-HSA-9758274', 'R-HSA-175474', 'R-HSA-9013973', 'R-HSA-174490', 'R-HSA-112409', 'R-HSA-975957', 'R-HSA-8866654', 'R-HSA-2644606', 'R-HSA-5357956', 'R-HSA-5632684', 'R-HSA-5693565', 'R-HSA-72702', 'R-HSA-6782210', 'R-HSA-8852276', 'R-HSA-975144', 'R-HSA-917729', 'R-HSA-937039', 'R-HSA-2691232', 'R-HSA-1358803', 'R-HSA-1236382', 'R-HSA-937072', 'R-HSA-209560', 'R-HSA-2408557', 'R-HSA-205043', 'R-HSA-5656169', 'R-HSA-2122947', 'R-HSA-8856828', 'R-HSA-9755511', 'R-HSA-8941858', 'R-HSA-1799339', 'R-HSA-5607761', 'R-HSA-9637628', 'R-HSA-5696400', 'R-HSA-9680350', 'R-HSA-156902', 'R-HSA-2559582', 'R-HSA-9705462', 'R-HSA-9648002', 'R-HSA-9664873', 'R-HSA-9013507', 'R-HSA-5689896', 'R-HSA-6781823', 'R-HSA-68867', 'R-HSA-5678895', 'R-HSA-179409', 'R-HSA-450408', 'R-HSA-201681', 'R-HSA-8854050', 'R-HSA-68949', 'R-HSA-2894862', 'R-HSA-3785653', 'R-HSA-532668', 'R-HSA-9020702', 'R-HSA-6804756', 'R-HSA-5654726', 'R-HSA-1253288', 'R-HSA-983168', 'R-HSA-2672351', 'R-HSA-8849469', 'R-HSA-68877', 'R-HSA-195253', 'R-HSA-9033241', 'R-HSA-69017', 'R-HSA-9705671', 'R-HSA-2122948', 'R-HSA-4641263', 'R-HSA-8875360', 'R-HSA-5689901', 'R-HSA-382556', 'R-HSA-975163', 'R-HSA-9692916', 'R-HSA-5610780', 'R-HSA-936964', 'R-HSA-209543', 'R-HSA-2565942', 'R-HSA-5205685', 'R-HSA-3322077', 'R-HSA-5689603', 'R-HSA-72649', 'R-HSA-909733', 'R-HSA-6804757', 'R-HSA-5610785', 'R-HSA-5658442', 'R-HSA-9706369', 'R-HSA-6791226', 'R-HSA-2559580', 'R-HSA-6804760', 'R-HSA-975956', 'R-HSA-9725370', 'R-HSA-445989', 'R-HSA-9706377', 'R-HSA-1169408', 'R-HSA-2173791', 'R-HSA-182971', 'R-HSA-174113', 'R-HSA-1442490', 'R-HSA-2173788', 'R-HSA-5685942', 'R-HSA-5675221', 'R-HSA-174154', 'R-HSA-3769402', 'R-HSA-9633012', 'R-HSA-174048', 'R-HSA-5654733', 'R-HSA-8939236', 'R-HSA-977225', 'R-HSA-9010553', 'R-HSA-937042', 'R-HSA-9708530', 'R-HSA-8856825', 'R-HSA-162588', 'R-HSA-168928', 'R-HSA-2173796', 'R-HSA-8866427', 'R-HSA-8876493', 'R-HSA-8951664', 'R-HSA-72695', 'R-HSA-6782135', 'R-HSA-1295596', 'R-HSA-450321', 'R-HSA-9636383', 'R-HSA-6783310', 'R-HSA-69473', 'R-HSA-9613829', 'R-HSA-6790901', 'R-HSA-5654727', 'R-HSA-918233', 'R-HSA-936440', 'R-HSA-9648025', 'R-HSA-9646399', 'R-HSA-168638'}","{'RPL35A', 'RPS7', 'RPS26', 'RPS29', 'RPS19', 'RPL11', 'RPS27', 'RPS10', 'RPS28', 'RPS17', 'RPS27A', 'RPL15', 'RPL26', 'RPL36', 'RPL31', 'RPL5', 'RPS24', 'RPL23'}",mt 3724,30.0,30.0,10.0,3.3333333333333335,1.1111111111111112,0.37037037037037035,0.12345679012345678,0.0411522633744856,0.013717421124828532,0.004572473708276178,0.0015241579027587258
CHEMBL4297744,ELX-02,,protein|pathway,RPS29|RPL35A|RPL36|RPL23|RPL5|RPL11|RPS27|RPS26|RPL31|RPS7|RPS10|RPS19|RPS17|RPS28|RPS27A|RPL15|RPL26|RPS24|R-HSA-6783310|R-HSA-8939236|R-HSA-9692916|R-HSA-156827|R-HSA-156902|R-HSA-1799339|R-HSA-192823|R-HSA-2408557|R-HSA-6791226|R-HSA-72649|R-HSA-72689|R-HSA-72695|R-HSA-72702|R-HSA-72706|R-HSA-72764|R-HSA-9010553|R-HSA-9633012|R-HSA-9735869|R-HSA-9754678|R-HSA-975956|R-HSA-975957|R-HSA-9706369|R-HSA-9706377|R-HSA-9033241|R-HSA-6790901|R-HSA-5689603|R-HSA-1169091|R-HSA-110314|R-HSA-5656169|R-HSA-5685942|R-HSA-5696400|R-HSA-6782135|R-HSA-6782210|R-HSA-2173791|R-HSA-5658442|R-HSA-5655862|R-HSA-8866652|R-HSA-2672351|R-HSA-5675221|R-HSA-2467813|R-HSA-2500257|R-HSA-5607764|R-HSA-9755511|R-HSA-1169408|R-HSA-9705671|R-HSA-141444|R-HSA-5663220|R-HSA-68877|R-HSA-9648025|R-HSA-1236382|R-HSA-1295596|R-HSA-182971|R-HSA-5654726|R-HSA-5654727|R-HSA-5654732|R-HSA-5654733|R-HSA-6807004|R-HSA-8849469|R-HSA-8856825|R-HSA-8856828|R-HSA-8875360|R-HSA-5357905|R-HSA-9680350|R-HSA-202424|R-HSA-2871837|R-HSA-9648002|R-HSA-9705462|R-HSA-209543|R-HSA-5693565|R-HSA-69231|R-HSA-5632684|R-HSA-9725370|R-HSA-5696395|R-HSA-6807070|R-HSA-2559580|R-HSA-2559585|R-HSA-349425|R-HSA-5689880|R-HSA-5689896|R-HSA-6804756|R-HSA-6804757|R-HSA-6804760|R-HSA-69473|R-HSA-69541|R-HSA-8852276|R-HSA-9758274|R-HSA-1234176|R-HSA-1236974|R-HSA-1253288|R-HSA-1358803|R-HSA-162588|R-HSA-168638|R-HSA-168927|R-HSA-168928|R-HSA-174048|R-HSA-174113|R-HSA-174154|R-HSA-174178|R-HSA-174184|R-HSA-174490|R-HSA-175474|R-HSA-179409|R-HSA-180534|R-HSA-180585|R-HSA-1442490|R-HSA-195253|R-HSA-201681|R-HSA-205043|R-HSA-209560|R-HSA-211733|R-HSA-2122947|R-HSA-2122948|R-HSA-2173788|R-HSA-2173795|R-HSA-2173796|R-HSA-2559582|R-HSA-2565942|R-HSA-2644606|R-HSA-2691232|R-HSA-2894862|R-HSA-2979096|R-HSA-3134975|R-HSA-3322077|R-HSA-3769402|R-HSA-3785653|R-HSA-382556|R-HSA-445989|R-HSA-450302|R-HSA-450321|R-HSA-450408|R-HSA-4608870|R-HSA-4641257|R-HSA-9766229|R-HSA-4641263|R-HSA-5205685|R-HSA-532668|R-HSA-5357956|R-HSA-5358346|R-HSA-5362768|R-HSA-5607761|R-HSA-5610780|R-HSA-5610783|R-HSA-5610785|R-HSA-5668541|R-HSA-5675482|R-HSA-5676590|R-HSA-5678895|R-HSA-112409|R-HSA-5687128|R-HSA-5689877|R-HSA-5689901|R-HSA-5693607|R-HSA-5696394|R-HSA-6781823|R-HSA-6781827|R-HSA-68867|R-HSA-68949|R-HSA-69017|R-HSA-75815|R-HSA-8854050|R-HSA-8863795|R-HSA-8866427|R-HSA-8866654|R-HSA-8876493|R-HSA-8939902|R-HSA-8941858|R-HSA-8948751|R-HSA-8951664|R-HSA-901032|R-HSA-9013507|R-HSA-9013973|R-HSA-9014325|R-HSA-9020702|R-HSA-909733|R-HSA-917729|R-HSA-917937|R-HSA-936440|R-HSA-936964|R-HSA-937039|R-HSA-937041|R-HSA-937042|R-HSA-937072|R-HSA-9604323|R-HSA-9613829|R-HSA-9615710|R-HSA-9636383|R-HSA-9637628|R-HSA-9645460|R-HSA-9646399|R-HSA-9664873|R-HSA-9683612|R-HSA-9708530|R-HSA-975110|R-HSA-975144|R-HSA-975163|R-HSA-9762114|R-HSA-977225|R-HSA-918233|R-HSA-9828211|R-HSA-983168|R-HSA-9833109|R-HSA-9861718,2.0,Completed|Recruiting|Terminated,False,220,elx 02,False,,,,,,,,,,,,,,,,,,,,,,,,,,,,18,202,0,7.2034994346474654,0.8366224808078141,0.7,,0.7,0.7956357365654698,8,set(),"{'R-HSA-5687128', 'R-HSA-6781827', 'R-HSA-9014325', 'R-HSA-2559585', 'R-HSA-5675482', 'R-HSA-168927', 'R-HSA-975110', 'R-HSA-192823', 'R-HSA-5357905', 'R-HSA-450302', 'R-HSA-5689877', 'R-HSA-917937', 'R-HSA-9766229', 'R-HSA-5668541', 'R-HSA-72689', 'R-HSA-901032', 'R-HSA-5610783', 'R-HSA-174178', 'R-HSA-9833109', 'R-HSA-174184', 'R-HSA-75815', 'R-HSA-8863795', 'R-HSA-202424', 'R-HSA-1234176', 'R-HSA-5358346', 'R-HSA-8939902', 'R-HSA-3134975', 'R-HSA-9604323', 'R-HSA-5676590', 'R-HSA-141444', 'R-HSA-72764', 'R-HSA-2173795', 'R-HSA-5693607', 'R-HSA-1236974', 'R-HSA-9762114', 'R-HSA-2467813', 'R-HSA-5663220', 'R-HSA-4608870', 'R-HSA-9861718', 'R-HSA-4641257', 'R-HSA-9683612', 'R-HSA-2979096', 'R-HSA-156827', 'R-HSA-9754678', 'R-HSA-211733', 'R-HSA-9735869', 'R-HSA-2500257', 'R-HSA-72706', 'R-HSA-9645460', 'R-HSA-180585', 'R-HSA-6807070', 'R-HSA-2871837', 'R-HSA-69231', 'R-HSA-69541', 'R-HSA-5655862', 'R-HSA-180534', 'R-HSA-5689880', 'R-HSA-110314', 'R-HSA-5654732', 'R-HSA-5362768', 'R-HSA-9615710', 'R-HSA-5696395', 'R-HSA-8866652', 'R-HSA-6807004', 'R-HSA-5696394', 'R-HSA-8948751', 'R-HSA-1169091', 'R-HSA-5607764', 'R-HSA-349425', 'R-HSA-937041', 'R-HSA-9828211', 'R-HSA-9758274', 'R-HSA-175474', 'R-HSA-9013973', 'R-HSA-174490', 'R-HSA-112409', 'R-HSA-975957', 'R-HSA-8866654', 'R-HSA-2644606', 'R-HSA-5357956', 'R-HSA-5632684', 'R-HSA-5693565', 'R-HSA-72702', 'R-HSA-6782210', 'R-HSA-8852276', 'R-HSA-975144', 'R-HSA-917729', 'R-HSA-937039', 'R-HSA-2691232', 'R-HSA-1358803', 'R-HSA-1236382', 'R-HSA-937072', 'R-HSA-209560', 'R-HSA-2408557', 'R-HSA-205043', 'R-HSA-5656169', 'R-HSA-2122947', 'R-HSA-8856828', 'R-HSA-9755511', 'R-HSA-8941858', 'R-HSA-1799339', 'R-HSA-5607761', 'R-HSA-9637628', 'R-HSA-5696400', 'R-HSA-9680350', 'R-HSA-156902', 'R-HSA-2559582', 'R-HSA-9705462', 'R-HSA-9648002', 'R-HSA-9664873', 'R-HSA-9013507', 'R-HSA-5689896', 'R-HSA-6781823', 'R-HSA-68867', 'R-HSA-5678895', 'R-HSA-179409', 'R-HSA-450408', 'R-HSA-201681', 'R-HSA-8854050', 'R-HSA-68949', 'R-HSA-2894862', 'R-HSA-3785653', 'R-HSA-532668', 'R-HSA-9020702', 'R-HSA-6804756', 'R-HSA-5654726', 'R-HSA-1253288', 'R-HSA-983168', 'R-HSA-2672351', 'R-HSA-8849469', 'R-HSA-68877', 'R-HSA-195253', 'R-HSA-9033241', 'R-HSA-69017', 'R-HSA-9705671', 'R-HSA-2122948', 'R-HSA-4641263', 'R-HSA-8875360', 'R-HSA-5689901', 'R-HSA-382556', 'R-HSA-975163', 'R-HSA-9692916', 'R-HSA-5610780', 'R-HSA-936964', 'R-HSA-209543', 'R-HSA-2565942', 'R-HSA-5205685', 'R-HSA-3322077', 'R-HSA-5689603', 'R-HSA-72649', 'R-HSA-909733', 'R-HSA-6804757', 'R-HSA-5610785', 'R-HSA-5658442', 'R-HSA-9706369', 'R-HSA-6791226', 'R-HSA-2559580', 'R-HSA-6804760', 'R-HSA-975956', 'R-HSA-9725370', 'R-HSA-445989', 'R-HSA-9706377', 'R-HSA-1169408', 'R-HSA-2173791', 'R-HSA-182971', 'R-HSA-174113', 'R-HSA-1442490', 'R-HSA-2173788', 'R-HSA-5685942', 'R-HSA-5675221', 'R-HSA-174154', 'R-HSA-3769402', 'R-HSA-9633012', 'R-HSA-174048', 'R-HSA-5654733', 'R-HSA-8939236', 'R-HSA-977225', 'R-HSA-9010553', 'R-HSA-937042', 'R-HSA-9708530', 'R-HSA-8856825', 'R-HSA-162588', 'R-HSA-168928', 'R-HSA-2173796', 'R-HSA-8866427', 'R-HSA-8876493', 'R-HSA-8951664', 'R-HSA-72695', 'R-HSA-6782135', 'R-HSA-1295596', 'R-HSA-450321', 'R-HSA-9636383', 'R-HSA-6783310', 'R-HSA-69473', 'R-HSA-9613829', 'R-HSA-6790901', 'R-HSA-5654727', 'R-HSA-918233', 'R-HSA-936440', 'R-HSA-9648025', 'R-HSA-9646399', 'R-HSA-168638'}","{'RPL35A', 'RPS7', 'RPS26', 'RPS29', 'RPS19', 'RPL11', 'RPS27', 'RPS10', 'RPS28', 'RPS17', 'RPS27A', 'RPL15', 'RPL26', 'RPL36', 'RPL31', 'RPL5', 'RPS24', 'RPL23'}",elx 02,30.0,30.0,10.0,3.3333333333333335,1.1111111111111112,0.37037037037037035,0.12345679012345678,0.0411522633744856,0.013717421124828532,0.004572473708276178,0.0015241579027587258
CHEMBL565612,SOTRASTAURIN,CN1CCN(c2nc(C3=C(c4c[nH]c5ccccc45)C(=O)NC3=O)c3ccccc3n2)CC1,protein|pathway,PRKD3|PRKCD|PRKCE|PRKCH|PRKCQ|PRKCA|PRKCB|PRKCZ|PRKD1|PRKCI|PRKCG|R-HSA-6798695|R-HSA-111465|R-HSA-111933|R-HSA-114508|R-HSA-1250196|R-HSA-1489509|R-HSA-2029485|R-HSA-418597|R-HSA-450520|R-HSA-5218921|R-HSA-5607764|R-HSA-5668599|R-HSA-877300|R-HSA-9755511|R-HSA-8853659|R-HSA-202424|R-HSA-2514859|R-HSA-2871837|R-HSA-373752|R-HSA-8936459|R-HSA-9648002|R-HSA-1433557|R-HSA-1660661|R-HSA-1433559|R-HSA-114516|R-HSA-2179392|R-HSA-3000170|R-HSA-399997|R-HSA-4086398|R-HSA-416993|R-HSA-4419969|R-HSA-5099900|R-HSA-76005|R-HSA-9010642|R-HSA-1912408|R-HSA-8939246|R-HSA-1169091|R-HSA-114604|R-HSA-2173791|R-HSA-9634635|R-HSA-209543|R-HSA-420029,2.0,Completed,False,53,sotrastaurin,False,,CN1CCN(c2nc(C3=C(c4c[nH]c5ccccc45)C(=O)NC3=O)c3ccccc3n2)CC1,CN1CCN(c2nc(C3=C(c4c[nH]c5ccccc45)C(=O)NC3=O)c3ccccc3n2)CC1,2.4301000000000004,-4.02,-4.82,-3.22,-4.82,-3.22,0.0688,0.816,1.0,0.0473,0.268,1,0.637,0.0756,0,0.251,0.23,0.5,0.325,0.226,0.5,0.437,0.135,0.0,11,42,0,5.516645135429921,0.6126985129849868,1.0,95.49925860214368,1.0,0.7288889590894907,12,set(),"{'R-HSA-209543', 'R-HSA-418597', 'R-HSA-1660661', 'R-HSA-5099900', 'R-HSA-76005', 'R-HSA-2029485', 'R-HSA-2514859', 'R-HSA-2871837', 'R-HSA-9755511', 'R-HSA-450520', 'R-HSA-5218921', 'R-HSA-1250196', 'R-HSA-877300', 'R-HSA-420029', 'R-HSA-2173791', 'R-HSA-8936459', 'R-HSA-114604', 'R-HSA-1433559', 'R-HSA-373752', 'R-HSA-1169091', 'R-HSA-5607764', 'R-HSA-9648002', 'R-HSA-114508', 'R-HSA-9634635', 'R-HSA-202424', 'R-HSA-1433557', 'R-HSA-2179392', 'R-HSA-9010642', 'R-HSA-5668599', 'R-HSA-8939246', 'R-HSA-1912408', 'R-HSA-3000170', 'R-HSA-4086398', 'R-HSA-8853659', 'R-HSA-114516', 'R-HSA-399997', 'R-HSA-1489509', 'R-HSA-416993', 'R-HSA-4419969', 'R-HSA-111933', 'R-HSA-6798695', 'R-HSA-111465'}","{'PRKCH', 'PRKCQ', 'PRKD3', 'PRKCD', 'PRKCE', 'PRKCZ', 'PRKCA', 'PRKCI', 'PRKCB', 'PRKD1', 'PRKCG'}",sotrastaurin,47.74962930107184,47.74962930107184,15.91654310035728,5.3055143667857605,1.7685047889285868,0.5895015963095289,0.1965005321031763,0.06550017736772544,0.021833392455908478,0.0072777974853028265,0.002425932495100942
CHEMBL1637,GEMCITABINE HYDROCHLORIDE,Cl.Nc1ccn([C@@H]2O[C@H](CO)[C@@H](O)C2(F)F)c(=O)n1,protein|pathway|moa,POLA1|POLE|POLA2|PRIM1|POLE2|POLD4|PRIM2|POLD3|POLD1|POLE3|POLD2|R-HSA-113501|R-HSA-174411|R-HSA-174430|R-HSA-68952|R-HSA-68962|R-HSA-69091|R-HSA-69166|R-HSA-69183|R-HSA-69205|R-HSA-9710421|R-HSA-110314|R-HSA-5651801|R-HSA-5656169|R-HSA-5685942|R-HSA-5696400|R-HSA-6782135|R-HSA-6782210|R-HSA-174414|R-HSA-174417|R-HSA-5358565|R-HSA-5358606|R-HSA-2564830|DNA polymerase (alpha/delta/epsilon) inhibitor|Ribonucleoside-diphosphate reductase RR1 inhibitor,4.0,,False,35,gemcitabine,False,,Cl.Nc1ccn([C@@H]2O[C@H](CO)[C@@H](O)C2(F)F)c(=O)n1,Cl.Nc1ccn([C@@H]2O[C@H](CO)[C@@H](O)C2(F)F)c(=O)n1,-0.8668,-1.04,-1.82,-0.261,-1.82,-0.261,0.956,0.00644,0.0,0.536,0.102,0,0.724,0.0513,0,0.652,0.0595,0.0,0.63,0.0909,0.0,0.166,0.359,1.0,11,22,2,6.356439241185748,0.7241782231189893,0.6000000000000001,91201.08393559097,0.6000000000000001,0.6869247561832925,17,"{'dna polymerase (alpha/delta/epsilon) inhibitor', 'ribonucleoside-diphosphate reductase rr1 inhibitor'}","{'R-HSA-5656169', 'R-HSA-174414', 'R-HSA-5696400', 'R-HSA-5358565', 'R-HSA-110314', 'R-HSA-69183', 'R-HSA-69091', 'R-HSA-5685942', 'R-HSA-69205', 'R-HSA-113501', 'R-HSA-174430', 'R-HSA-174417', 'R-HSA-68952', 'R-HSA-9710421', 'R-HSA-174411', 'R-HSA-6782135', 'R-HSA-2564830', 'R-HSA-6782210', 'R-HSA-68962', 'R-HSA-69166', 'R-HSA-5358606', 'R-HSA-5651801'}","{'POLA1', 'POLD2', 'POLA2', 'PRIM1', 'POLD4', 'POLD1', 'PRIM2', 'POLE3', 'POLE', 'POLD3', 'POLE2'}",gemcitabine,50.0,50.0,16.666666666666668,5.555555555555555,1.8518518518518519,0.6172839506172839,0.205761316872428,0.06858710562414266,0.022862368541380886,0.007620789513793629,0.002540263171264543
CHEMBL603469,LESTAURTINIB,C[C@]12O[C@H](C[C@]1(O)CO)n1c3ccccc3c3c4c(c5c6ccccc6n2c5c31)CNC4=O,protein|pathway|moa,FLT3|RET|JAK2|R-HSA-1257604|R-HSA-2219530|R-HSA-5673001|R-HSA-6811558|R-HSA-109704|R-HSA-9607240|R-HSA-9645135|R-HSA-9702509|R-HSA-9702518|R-HSA-9702569|R-HSA-9702577|R-HSA-9702581|R-HSA-9702590|R-HSA-9702596|R-HSA-9702600|R-HSA-9702605|R-HSA-9702614|R-HSA-9702620|R-HSA-9702624|R-HSA-9702632|R-HSA-9702636|R-HSA-9702998|R-HSA-9703009|R-HSA-9703648|R-HSA-9706369|R-HSA-9706374|R-HSA-9706377|R-HSA-69231|R-HSA-983231|R-HSA-877300|R-HSA-6785807|R-HSA-8853659|R-HSA-9768919|R-HSA-9830364|R-HSA-9830674|R-HSA-9674555|R-HSA-9705462|R-HSA-512988|R-HSA-912526|R-HSA-1059683|R-HSA-110056|R-HSA-112411|R-HSA-1170546|R-HSA-1433557|R-HSA-2586552|R-HSA-3214858|R-HSA-5673000|R-HSA-6788467|R-HSA-6802946|R-HSA-6802952|R-HSA-6802955|R-HSA-877312|R-HSA-8854691|R-HSA-8984722|R-HSA-9006335|R-HSA-9020591|R-HSA-9020933|R-HSA-9020956|R-HSA-9027276|R-HSA-9027277|R-HSA-9027283|R-HSA-9027284|R-HSA-9649948|R-HSA-9656223|R-HSA-9670439|R-HSA-9679191|R-HSA-9732724|R-HSA-982772|Tyrosine-protein kinase receptor FLT3 inhibitor|Tyrosine-protein kinase receptor RET inhibitor,3.0,"Active, not recruiting",False,73,lestaurtinib,False,,C[C@]12O[C@H](C[C@]1(O)CO)n1c3ccccc3c3c4c(c5c6ccccc6n2c5c31)CNC4=O,C[C@]12O[C@H](C[C@]1(O)CO)n1c3ccccc3c3c4c(c5c6ccccc6n2c5c31)CNC4=O,3.474400000000002,-4.77,-5.44,-4.1,-5.44,-4.1,0.982,0.00396,0.0,0.229,0.161,0,0.162,0.266,1,0.411,0.145,0.0,0.215,0.317,0.5,0.269,0.225,0.5,3,68,2,6.098910170060121,0.6899921458371953,0.6000000000000001,16.98243652461746,0.6000000000000001,0.6629945020860367,20,"{'tyrosine-protein kinase receptor ret inhibitor', 'tyrosine-protein kinase receptor flt3 inhibitor'}","{'R-HSA-9027276', 'R-HSA-9656223', 'R-HSA-2586552', 'R-HSA-9027277', 'R-HSA-912526', 'R-HSA-9702632', 'R-HSA-112411', 'R-HSA-69231', 'R-HSA-6788467', 'R-HSA-9706369', 'R-HSA-9768919', 'R-HSA-9679191', 'R-HSA-6802955', 'R-HSA-109704', 'R-HSA-9706377', 'R-HSA-877300', 'R-HSA-9702581', 'R-HSA-983231', 'R-HSA-9702636', 'R-HSA-9830364', 'R-HSA-9705462', 'R-HSA-9027283', 'R-HSA-9670439', 'R-HSA-9732724', 'R-HSA-9702569', 'R-HSA-9702577', 'R-HSA-9702605', 'R-HSA-9607240', 'R-HSA-2219530', 'R-HSA-6802952', 'R-HSA-9020591', 'R-HSA-9702596', 'R-HSA-9830674', 'R-HSA-5673001', 'R-HSA-1433557', 'R-HSA-9020956', 'R-HSA-9702509', 'R-HSA-9674555', 'R-HSA-3214858', 'R-HSA-1257604', 'R-HSA-9702518', 'R-HSA-6811558', 'R-HSA-9706374', 'R-HSA-9702590', 'R-HSA-9006335', 'R-HSA-982772', 'R-HSA-9649948', 'R-HSA-8853659', 'R-HSA-5673000', 'R-HSA-9702998', 'R-HSA-6785807', 'R-HSA-1059683', 'R-HSA-512988', 'R-HSA-6802946', 'R-HSA-9027284', 'R-HSA-8984722', 'R-HSA-877312', 'R-HSA-110056', 'R-HSA-9020933', 'R-HSA-9645135', 'R-HSA-8854691', 'R-HSA-9703009', 'R-HSA-9702600', 'R-HSA-9702624', 'R-HSA-9702620', 'R-HSA-9703648', 'R-HSA-1170546', 'R-HSA-9702614'}","{'FLT3', 'JAK2', 'RET'}",lestaurtinib,8.49121826230873,8.49121826230873,2.830406087436243,0.943468695812081,0.31448956527069366,0.10482985509023122,0.03494328503007708,0.011647761676692358,0.0038825872255641193,0.0012941957418547065,0.0004313985806182355
CHEMBL24828,VANDETANIB,COc1cc2/c(=N/c3ccc(Br)cc3F)nc[nH]c2cc1OCC1CCN(C)CC1,protein|pathway|moa,RET|KDR|FLT4|R-HSA-5673001|R-HSA-5218921|R-HSA-8853659|R-HSA-9768919|R-HSA-9830364|R-HSA-9830674|R-HSA-4420097|R-HSA-195399|R-HSA-9013695|R-HSA-9856530|R-HSA-194306|R-HSA-216083|R-HSA-9673768|Tyrosine-protein kinase SRC inhibitor|Tyrosine-protein kinase receptor RET inhibitor|Vascular endothelial growth factor receptor inhibitor,4.0,,False,19,vandetanib,False,,COc1cc2/c(=N/c3ccc(Br)cc3F)nc[nH]c2cc1OCC1CCN(C)CC1,COc1cc2/c(=N/c3ccc(Br)cc3F)nc[nH]c2cc1OCC1CCN(C)CC1,4.426100000000003,-4.32,-4.89,-3.76,-4.89,-3.76,0.367,0.282,0.5,0.0974,0.254,1,0.0741,0.382,1,0.652,0.056,0.0,0.109,0.455,1.0,0.381,0.166,0.0,3,13,3,5.196760952549839,0.5702350142065228,0.7000000000000001,47.863009232263806,0.7000000000000001,0.609164509944566,33,"{'vascular endothelial growth factor receptor inhibitor', 'tyrosine-protein kinase receptor ret inhibitor', 'tyrosine-protein kinase src inhibitor'}","{'R-HSA-194306', 'R-HSA-9830674', 'R-HSA-9830364', 'R-HSA-5673001', 'R-HSA-9013695', 'R-HSA-9856530', 'R-HSA-9673768', 'R-HSA-4420097', 'R-HSA-216083', 'R-HSA-195399', 'R-HSA-9768919', 'R-HSA-5218921', 'R-HSA-8853659'}","{'RET', 'KDR', 'FLT4'}",vandetanib,23.931504616131903,23.931504616131903,7.977168205377301,2.6590560684591003,0.8863520228197002,0.29545067427323335,0.0984835580910778,0.03282785269702593,0.01094261756567531,0.0036475391885584366,0.0012158463961861455
CHEMBL2316582,OLVEREMBATINIB,Cc1ccc(C(=O)Nc2ccc(CN3CCN(C)CC3)c(C(F)(F)F)c2)cc1C#Cc1cnc2[nH]ncc2c1,protein|pathway|moa,ABL1|BCR|R-HSA-2029482|R-HSA-428890|R-HSA-525793|R-HSA-5663213|R-HSA-5685938|R-HSA-5693565|R-HSA-69231|R-HSA-8939236|R-HSA-8940973|R-HSA-9664422|R-HSA-983231|R-HSA-9841922|R-HSA-9860927|R-HSA-1839117|R-HSA-5654736|R-HSA-8980692|R-HSA-9013026|R-HSA-9013106|R-HSA-9013148|R-HSA-9013149|R-HSA-9013404|R-HSA-9013423|Bcr/Abl fusion protein inhibitor,3.0,Recruiting,False,25,olverembatinib,False,,Cc1ccc(C(=O)Nc2ccc(CN3CCN(C)CC3)c(C(F)(F)F)c2)cc1C#Cc1cnc2[nH]ncc2c1,Cc1ccc(C(=O)Nc2ccc(CN3CCN(C)CC3)c(C(F)(F)F)c2)cc1C#Cc1cnc2[nH]ncc2c1,4.684620000000004,-3.64,-4.02,-3.25,-4.02,-3.25,0.116,0.62,1.0,0.0711,0.28,1,0.879,0.0212,0,0.948,0.00571,0.0,0.272,0.286,0.5,0.657,0.0627,0.0,2,22,1,4.451044510292596,0.4712437825996078,0.9,229.08676527677724,0.9,0.5998706478197255,34,{'bcr/abl fusion protein inhibitor'},"{'R-HSA-1839117', 'R-HSA-5654736', 'R-HSA-8980692', 'R-HSA-69231', 'R-HSA-9013148', 'R-HSA-983231', 'R-HSA-9013026', 'R-HSA-9013106', 'R-HSA-428890', 'R-HSA-8939236', 'R-HSA-9013149', 'R-HSA-9013423', 'R-HSA-525793', 'R-HSA-9860927', 'R-HSA-5663213', 'R-HSA-2029482', 'R-HSA-5685938', 'R-HSA-5693565', 'R-HSA-9841922', 'R-HSA-8940973', 'R-HSA-9013404', 'R-HSA-9664422'}","{'BCR', 'ABL1'}",olverembatinib,50.0,50.0,16.666666666666668,5.555555555555555,1.8518518518518519,0.6172839506172839,0.205761316872428,0.06858710562414266,0.022862368541380886,0.007620789513793629,0.002540263171264543
CHEMBL4582651,PRALSETINIB,CO[C@]1(C(=O)N[C@@H](C)c2ccc(-n3cc(F)cn3)nc2)CC[C@H](c2nc(C)cc(Nc3cc(C)[nH]n3)n2)CC1,protein|pathway|moa,RET|R-HSA-5673001|R-HSA-8853659|R-HSA-9768919|R-HSA-9830364|R-HSA-9830674|Coiled-coil domain-containing protein 6/Tyrosine-protein kinase receptor RET inhibitor|Kinesin-1 heavy chain/ Tyrosine-protein kinase receptor RET inhibitor|Tyrosine-protein kinase receptor RET inhibitor,4.0,,False,9,pralsetinib,False,,CO[C@]1(C(=O)N[C@@H](C)c2ccc(-n3cc(F)cn3)nc2)CC[C@H](c2nc(C)cc(Nc3cc(C)[nH]n3)n2)CC1,CO[C@]1(C(=O)N[C@@H](C)c2ccc(-n3cc(F)cn3)nc2)CC[C@H](c2nc(C)cc(Nc3cc(C)[nH]n3)n2)CC1,4.200140000000003,-3.59,-4.02,-3.16,-4.02,-3.16,0.084,0.755,1.0,0.174,0.172,0.5,0.862,0.0233,0,0.522,0.106,0.0,0.375,0.198,0.0,0.361,0.182,0.0,1,5,3,3.841190551662857,0.3902878172431606,1.0,257.03957827688646,1.0,0.5732014720702123,42,"{'kinesin-1 heavy chain/ tyrosine-protein kinase receptor ret inhibitor', 'coiled-coil domain-containing protein 6/tyrosine-protein kinase receptor ret inhibitor', 'tyrosine-protein kinase receptor ret inhibitor'}","{'R-HSA-9830674', 'R-HSA-9830364', 'R-HSA-5673001', 'R-HSA-9768919', 'R-HSA-8853659'}",{'RET'},pralsetinib,50.0,50.0,16.666666666666668,5.555555555555555,1.8518518518518519,0.6172839506172839,0.205761316872428,0.06858710562414266,0.022862368541380886,0.007620789513793629,0.002540263171264543
CHEMBL3653256,SIREMADLIN,COc1ncc(-c2nc3c(n2C(C)C)[C@H](c2ccc(Cl)cc2)N(c2cc(Cl)cn(C)c2=O)C3=O)c(OC)n1,protein|pathway,TP53|R-HSA-5693565|R-HSA-983231|R-HSA-111448|R-HSA-139915|R-HSA-1912408|R-HSA-2559580|R-HSA-2559584|R-HSA-2559585|R-HSA-2559586|R-HSA-3232118|R-HSA-349425|R-HSA-390471|R-HSA-5620971|R-HSA-5628897|R-HSA-5689880|R-HSA-5689896|R-HSA-6785807|R-HSA-6796648|R-HSA-6803204|R-HSA-6803205|R-HSA-6803207|R-HSA-6803211|R-HSA-6804114|R-HSA-6804115|R-HSA-6804116|R-HSA-6804754|R-HSA-6804756|R-HSA-6804757|R-HSA-6804758|R-HSA-6804759|R-HSA-6804760|R-HSA-6811555|R-HSA-69473|R-HSA-69481|R-HSA-69541|R-HSA-69895|R-HSA-8852276|R-HSA-8853884|R-HSA-8941855|R-HSA-8943724|R-HSA-9723905|R-HSA-9725370|R-HSA-9758274|R-HSA-9819196|R-HSA-9833482|R-HSA-6807070,2.0,Recruiting,False,47,siremadlin,False,,COc1ncc(-c2nc3c(n2C(C)C)[C@H](c2ccc(Cl)cc2)N(c2cc(Cl)cn(C)c2=O)C3=O)c(OC)n1,COc1ncc(-c2nc3c(n2C(C)C)[C@H](c2ccc(Cl)cc2)N(c2cc(Cl)cn(C)c2=O)C3=O)c(OC)n1,4.693500000000004,-4.22,-4.58,-3.85,-4.58,-3.85,0.255,0.46,0.5,0.202,0.177,0.5,0.579,0.0889,0,0.547,0.0973,0.0,0.48,0.16,0.0,0.941,0.0058,0.0,1,46,0,3.775370602847775,0.3815504508284055,0.9,60.25595860743581,0.9,0.5370853155798838,65,set(),"{'R-HSA-69895', 'R-HSA-8941855', 'R-HSA-9723905', 'R-HSA-2559586', 'R-HSA-2559584', 'R-HSA-6804757', 'R-HSA-6803207', 'R-HSA-6803211', 'R-HSA-6807070', 'R-HSA-69541', 'R-HSA-2559585', 'R-HSA-6796648', 'R-HSA-2559580', 'R-HSA-5689880', 'R-HSA-6804760', 'R-HSA-9725370', 'R-HSA-6804114', 'R-HSA-6804759', 'R-HSA-983231', 'R-HSA-9833482', 'R-HSA-8943724', 'R-HSA-111448', 'R-HSA-349425', 'R-HSA-8853884', 'R-HSA-5689896', 'R-HSA-6804115', 'R-HSA-3232118', 'R-HSA-5628897', 'R-HSA-9758274', 'R-HSA-6804758', 'R-HSA-139915', 'R-HSA-390471', 'R-HSA-1912408', 'R-HSA-6804756', 'R-HSA-9819196', 'R-HSA-6804754', 'R-HSA-5693565', 'R-HSA-6785807', 'R-HSA-8852276', 'R-HSA-69473', 'R-HSA-6811555', 'R-HSA-6804116', 'R-HSA-6803205', 'R-HSA-69481', 'R-HSA-6803204', 'R-HSA-5620971'}",{'TP53'},siremadlin,30.127979303717904,30.127979303717904,10.042659767905969,3.347553255968656,1.1158510853228853,0.37195036177429514,0.12398345392476504,0.04132781797492168,0.013775939324973892,0.004591979774991298,0.0015306599249970993
CHEMBL4535757,SOTORASIB,C=CC(=O)N1CCN(c2nc(=O)n(-c3c(C)ccnc3C(C)C)c3nc(-c4c(O)cccc4F)c(F)cc23)[C@@H](C)C1,protein|pathway,KRAS|R-HSA-8951936|R-HSA-5673001|R-HSA-9607240|R-HSA-9703648|R-HSA-5218921|R-HSA-9634635|R-HSA-5658442|R-HSA-6802953|R-HSA-5621575|R-HSA-5673000|R-HSA-5674135|R-HSA-5675221|R-HSA-6802946|R-HSA-6802948|R-HSA-6802952|R-HSA-6802955|R-HSA-9649948|R-HSA-9656223|R-HSA-1250196|R-HSA-1236382|R-HSA-5637810|R-HSA-9680350|R-HSA-9648002|R-HSA-9674555|R-HSA-186763|R-HSA-1433557|R-HSA-9670439|R-HSA-2179392|R-HSA-9703465|R-HSA-112412|R-HSA-1169092|R-HSA-1250347|R-HSA-5365859|R-HSA-171007|R-HSA-179812|R-HSA-180336|R-HSA-1963640|R-HSA-210993|R-HSA-2424491|R-HSA-2428933|R-HSA-2871796|R-HSA-375165|R-HSA-4086398|R-HSA-442982|R-HSA-5654699|R-HSA-5654693|R-HSA-5654700|R-HSA-5654706|R-HSA-5654712|R-HSA-5654738|R-HSA-5654743|R-HSA-5654736|R-HSA-5654741|R-HSA-74751|R-HSA-8849471|R-HSA-8851805|R-HSA-9032500|R-HSA-9027284|R-HSA-9028731|R-HSA-9603381|R-HSA-9634285|R-HSA-9664565|R-HSA-9665348|R-HSA-9665686|R-HSA-9673767|R-HSA-9673770|R-HSA-9753510|R-HSA-9753512,4.0,,False,69,sotorasib,False,,C=CC(=O)N1CCN(c2nc(=O)n(-c3c(C)ccnc3C(C)C)c3nc(-c4c(O)cccc4F)c(F)cc23)[C@@H](C)C1,C=CC(=O)N1CCN(c2nc(=O)n(-c3c(C)ccnc3C(C)C)c3nc(-c4c(O)cccc4F)c(F)cc23)[C@@H](C)C1,4.481420000000004,-3.38,-3.92,-2.84,-3.92,-2.84,0.565,0.106,0.0,0.61,0.0535,0,0.921,0.0167,0,0.418,0.155,0.0,0.462,0.18,0.0,0.355,0.149,0.0,1,68,0,4.081871257982963,0.4222373334299455,0.8,416.8693834703355,0.8,0.5355661334009618,66,set(),"{'R-HSA-9673770', 'R-HSA-179812', 'R-HSA-9656223', 'R-HSA-9753512', 'R-HSA-8951936', 'R-HSA-1169092', 'R-HSA-5674135', 'R-HSA-5654736', 'R-HSA-1250347', 'R-HSA-5658442', 'R-HSA-1963640', 'R-HSA-5218921', 'R-HSA-6802955', 'R-HSA-1250196', 'R-HSA-5621575', 'R-HSA-9680350', 'R-HSA-9634285', 'R-HSA-9665686', 'R-HSA-5654738', 'R-HSA-9670439', 'R-HSA-9665348', 'R-HSA-5675221', 'R-HSA-9673767', 'R-HSA-180336', 'R-HSA-9648002', 'R-HSA-74751', 'R-HSA-5365859', 'R-HSA-9703465', 'R-HSA-9664565', 'R-HSA-186763', 'R-HSA-5654712', 'R-HSA-9634635', 'R-HSA-9607240', 'R-HSA-9753510', 'R-HSA-6802952', 'R-HSA-2871796', 'R-HSA-6802948', 'R-HSA-5654706', 'R-HSA-5673001', 'R-HSA-1433557', 'R-HSA-2179392', 'R-HSA-375165', 'R-HSA-9674555', 'R-HSA-5654693', 'R-HSA-8851805', 'R-HSA-210993', 'R-HSA-5654741', 'R-HSA-9649948', 'R-HSA-5673000', 'R-HSA-171007', 'R-HSA-2428933', 'R-HSA-4086398', 'R-HSA-5654700', 'R-HSA-442982', 'R-HSA-5637810', 'R-HSA-9027284', 'R-HSA-6802946', 'R-HSA-8849471', 'R-HSA-9032500', 'R-HSA-5654743', 'R-HSA-2424491', 'R-HSA-9603381', 'R-HSA-112412', 'R-HSA-5654699', 'R-HSA-9703648', 'R-HSA-6802953', 'R-HSA-1236382', 'R-HSA-9028731'}",{'KRAS'},sotorasib,50.0,50.0,16.666666666666668,5.555555555555555,1.8518518518518519,0.6172839506172839,0.205761316872428,0.06858710562414266,0.022862368541380886,0.007620789513793629,0.002540263171264543
CHEMBL2107358,OBATOCLAX MESYLATE,COC1=CC(c2cc3ccccc3[nH]2)=N/C1=C\c1[nH]c(C)cc1C.CS(=O)(=O)O,protein|pathway|moa,BCL2|R-HSA-6785807|R-HSA-111447|R-HSA-111453|R-HSA-844455|R-HSA-9018519|R-HSA-9634638|R-HSA-9818030|R-HSA-9824594|Apoptosis regulator Bcl-2 inhibitor,3.0,Withdrawn,False,10,obatoclax,False,,COC1=CC(c2cc3ccccc3[nH]2)=N/C1=C\c1[nH]c(C)cc1C.CS(=O)(=O)O,COC1=CC(c2cc3ccccc3[nH]2)=N/C1=C\c1[nH]c(C)cc1C.CS(=O)(=O)O,3.990940000000002,-1.11,-1.72,-0.507,-1.72,-0.507,0.26,0.496,0.5,0.573,0.092,0,0.252,0.21,0,0.79,0.0315,0.0,0.448,0.163,0.0,0.798,0.035,0.0,1,8,1,3.3027705286470703,0.31881445527889507,1.0,77624.71166286916,1.0,0.5231701186952266,74,{'apoptosis regulator bcl-2 inhibitor'},"{'R-HSA-6785807', 'R-HSA-111447', 'R-HSA-9818030', 'R-HSA-9634638', 'R-HSA-111453', 'R-HSA-9018519', 'R-HSA-9824594', 'R-HSA-844455'}",{'BCL2'},obatoclax,50.0,50.0,16.666666666666668,5.555555555555555,1.8518518518518519,0.6172839506172839,0.205761316872428,0.06858710562414266,0.022862368541380886,0.007620789513793629,0.002540263171264543
CHEMBL3125702,NAVTEMADLIN,CC(C)[C@@H](CS(=O)(=O)C(C)C)N1C(=O)[C@@](C)(CC(=O)O)C[C@H](c2cccc(Cl)c2)[C@H]1c1ccc(Cl)cc1,protein|pathway|moa,TP53|R-HSA-5693565|R-HSA-983231|R-HSA-111448|R-HSA-139915|R-HSA-1912408|R-HSA-2559580|R-HSA-2559584|R-HSA-2559585|R-HSA-2559586|R-HSA-3232118|R-HSA-349425|R-HSA-390471|R-HSA-5620971|R-HSA-5628897|R-HSA-5689880|R-HSA-5689896|R-HSA-6785807|R-HSA-6796648|R-HSA-6803204|R-HSA-6803205|R-HSA-6803207|R-HSA-6803211|R-HSA-6804114|R-HSA-6804115|R-HSA-6804116|R-HSA-6804754|R-HSA-6804756|R-HSA-6804757|R-HSA-6804758|R-HSA-6804759|R-HSA-6804760|R-HSA-6811555|R-HSA-69473|R-HSA-69481|R-HSA-69541|R-HSA-69895|R-HSA-8852276|R-HSA-8853884|R-HSA-8941855|R-HSA-8943724|R-HSA-9723905|R-HSA-9725370|R-HSA-9758274|R-HSA-9819196|R-HSA-9833482|R-HSA-6807070|Tumour suppressor p53/oncoprotein Mdm2 inhibitor,2.0,Recruiting,False,48,navtemadlin,False,,CC(C)[C@@H](CS(=O)(=O)C(C)C)N1C(=O)[C@@](C)(CC(=O)O)C[C@H](c2cccc(Cl)c2)[C@H]1c1ccc(Cl)cc1,CC(C)[C@@H](CS(=O)(=O)C(C)C)N1C(=O)[C@@](C)(CC(=O)O)C[C@H](c2cccc(Cl)c2)[C@H]1c1ccc(Cl)cc1,6.379400000000007,-6.16,-6.54,-5.78,-6.54,-5.78,0.301,0.326,0.5,0.492,0.139,0,0.511,0.111,0,0.367,0.178,0.0,0.519,0.123,0.0,0.739,0.0474,0.0,1,46,1,4.609209148239983,0.49223958129714085,0.5,0.6918309709189363,0.5,0.49456770690799856,84,{'tumour suppressor p53/oncoprotein mdm2 inhibitor'},"{'R-HSA-69895', 'R-HSA-8941855', 'R-HSA-9723905', 'R-HSA-2559586', 'R-HSA-2559584', 'R-HSA-6804757', 'R-HSA-6803207', 'R-HSA-6803211', 'R-HSA-6807070', 'R-HSA-69541', 'R-HSA-2559585', 'R-HSA-6796648', 'R-HSA-2559580', 'R-HSA-5689880', 'R-HSA-6804760', 'R-HSA-9725370', 'R-HSA-6804114', 'R-HSA-6804759', 'R-HSA-983231', 'R-HSA-9833482', 'R-HSA-8943724', 'R-HSA-111448', 'R-HSA-349425', 'R-HSA-8853884', 'R-HSA-5689896', 'R-HSA-6804115', 'R-HSA-3232118', 'R-HSA-5628897', 'R-HSA-9758274', 'R-HSA-6804758', 'R-HSA-139915', 'R-HSA-390471', 'R-HSA-1912408', 'R-HSA-6804756', 'R-HSA-9819196', 'R-HSA-6804754', 'R-HSA-5693565', 'R-HSA-6785807', 'R-HSA-8852276', 'R-HSA-69473', 'R-HSA-6811555', 'R-HSA-6804116', 'R-HSA-6803205', 'R-HSA-69481', 'R-HSA-6803204', 'R-HSA-5620971'}",{'TP53'},navtemadlin,1.0,1.0,0.3333333333333333,0.1111111111111111,0.037037037037037035,0.012345679012345678,0.00411522633744856,0.0013717421124828531,0.0004572473708276177,0.00015241579027587258,5.080526342529086e-05
CHEMBL4650521,BATOPROTAFIB,C[C@@H]1OCC2(CCN(c3cnc(Sc4ccnc(N)c4Cl)c(N)n3)CC2)[C@@H]1N,protein|pathway,PTPN11|R-HSA-8934593|R-HSA-109704|R-HSA-1257604|R-HSA-2219530|R-HSA-6811558|R-HSA-9607240|R-HSA-9645135|R-HSA-9702518|R-HSA-9703648|R-HSA-114604|R-HSA-512988|R-HSA-8853659|R-HSA-9705671|R-HSA-1059683|R-HSA-1295596|R-HSA-5654726|R-HSA-5654727|R-HSA-5654732|R-HSA-5654733|R-HSA-9680350|R-HSA-9674555|R-HSA-186763|R-HSA-1433557|R-HSA-909733|R-HSA-936964|R-HSA-1170546|R-HSA-2586552|R-HSA-8854691|R-HSA-210993|R-HSA-5654693|R-HSA-5654700|R-HSA-5654706|R-HSA-5654712|R-HSA-9028731|R-HSA-110056|R-HSA-112411|R-HSA-180292|R-HSA-210990|R-HSA-389513|R-HSA-389948|R-HSA-391160|R-HSA-418886|R-HSA-432142|R-HSA-5654695|R-HSA-877312|R-HSA-8865999|R-HSA-9008059|R-HSA-912694|R-HSA-9927353,1.0,Recruiting,False,50,batoprotafib,False,,C[C@@H]1OCC2(CCN(c3cnc(Sc4ccnc(N)c4Cl)c(N)n3)CC2)[C@@H]1N,C[C@@H]1OCC2(CCN(c3cnc(Sc4ccnc(N)c4Cl)c(N)n3)CC2)[C@@H]1N,2.1732000000000005,-4.42,-4.87,-3.98,-4.87,-3.98,0.24,0.48,1.0,0.791,0.0426,0,0.0961,0.344,1,0.445,0.129,0.0,0.166,0.38,1.0,0.752,0.0378,0.0,1,49,0,3.82474584763208,0.38810484069447365,0.7000000000000001,38.018939632056124,0.7000000000000001,0.48167338848613156,98,set(),"{'R-HSA-2586552', 'R-HSA-909733', 'R-HSA-112411', 'R-HSA-210990', 'R-HSA-5654732', 'R-HSA-418886', 'R-HSA-9680350', 'R-HSA-389948', 'R-HSA-109704', 'R-HSA-391160', 'R-HSA-114604', 'R-HSA-186763', 'R-HSA-8934593', 'R-HSA-5654712', 'R-HSA-2219530', 'R-HSA-9607240', 'R-HSA-5654733', 'R-HSA-9927353', 'R-HSA-912694', 'R-HSA-5654706', 'R-HSA-1433557', 'R-HSA-5654695', 'R-HSA-8865999', 'R-HSA-9008059', 'R-HSA-9674555', 'R-HSA-180292', 'R-HSA-1295596', 'R-HSA-1257604', 'R-HSA-9702518', 'R-HSA-6811558', 'R-HSA-5654726', 'R-HSA-5654693', 'R-HSA-210993', 'R-HSA-389513', 'R-HSA-8853659', 'R-HSA-432142', 'R-HSA-5654700', 'R-HSA-1059683', 'R-HSA-512988', 'R-HSA-9705671', 'R-HSA-877312', 'R-HSA-110056', 'R-HSA-5654727', 'R-HSA-9645135', 'R-HSA-8854691', 'R-HSA-9703648', 'R-HSA-1170546', 'R-HSA-936964', 'R-HSA-9028731'}",{'PTPN11'},batoprotafib,19.009469816028062,19.009469816028062,6.336489938676021,2.1121633128920068,0.704054437630669,0.23468481254355633,0.07822827084785211,0.02607609028261737,0.008692030094205789,0.0028973433647352634,0.0009657811215784211
CHEMBL3984441,NINGETINIB,Cc1c(C(=O)Nc2ccc(Oc3ccnc4cc(OCC(C)(C)O)ccc34)c(F)c2)c(=O)n(-c2ccccc2)n1C,protein|pathway,FLT3|AXL|KDR|R-HSA-1257604|R-HSA-2219530|R-HSA-5673001|R-HSA-6811558|R-HSA-109704|R-HSA-9607240|R-HSA-9645135|R-HSA-9702509|R-HSA-9702518|R-HSA-9702569|R-HSA-9702577|R-HSA-9702581|R-HSA-9702590|R-HSA-9702596|R-HSA-9702600|R-HSA-9702605|R-HSA-9702614|R-HSA-9702620|R-HSA-9702624|R-HSA-9702632|R-HSA-9702636|R-HSA-9702998|R-HSA-9703009|R-HSA-9703648|R-HSA-9706369|R-HSA-9706374|R-HSA-9706377|R-HSA-5218921|R-HSA-4420097|R-HSA-195399|R-HSA-9856530|R-HSA-194306|R-HSA-216083|R-HSA-9673768,2.0,Terminated,False,37,ningetinib,False,,Cc1c(C(=O)Nc2ccc(Oc3ccnc4cc(OCC(C)(C)O)ccc34)c(F)c2)c(=O)n(-c2ccccc2)n1C,Cc1c(C(=O)Nc2ccc(Oc3ccnc4cc(OCC(C)(C)O)ccc34)c(F)c2)c(=O)n(-c2ccccc2)n1C,5.366020000000005,-5.91,-6.44,-5.38,-6.44,-5.38,0.198,0.507,1.0,0.224,0.159,0,0.288,0.193,0,0.739,0.0425,0.0,0.796,0.0491,0.0,0.316,0.186,0.0,3,34,0,4.238796620135119,0.44306862262987495,0.5,1.2302687708123812,0.5,0.46014803584091246,114,set(),"{'R-HSA-9856530', 'R-HSA-9702632', 'R-HSA-4420097', 'R-HSA-195399', 'R-HSA-9706369', 'R-HSA-5218921', 'R-HSA-109704', 'R-HSA-9706377', 'R-HSA-9702581', 'R-HSA-9702636', 'R-HSA-9702569', 'R-HSA-9702577', 'R-HSA-9702605', 'R-HSA-9607240', 'R-HSA-2219530', 'R-HSA-194306', 'R-HSA-9702596', 'R-HSA-5673001', 'R-HSA-9702509', 'R-HSA-1257604', 'R-HSA-9702518', 'R-HSA-6811558', 'R-HSA-9706374', 'R-HSA-9702590', 'R-HSA-9702998', 'R-HSA-9673768', 'R-HSA-216083', 'R-HSA-9645135', 'R-HSA-9703009', 'R-HSA-9702600', 'R-HSA-9702624', 'R-HSA-9702620', 'R-HSA-9703648', 'R-HSA-9702614'}","{'FLT3', 'KDR', 'AXL'}",ningetinib,1.0,1.0,0.3333333333333333,0.1111111111111111,0.037037037037037035,0.012345679012345678,0.00411522633744856,0.0013717421124828531,0.0004572473708276177,0.00015241579027587258,5.080526342529086e-05
CHEMBL535,SUNITINIB,CCN(CC)CCNC(=O)c1c(C)[nH]c(/C=C2\C(=O)Nc3ccc(F)cc32)c1C,protein|pathway|moa,FLT3|KIT|PDGFRB|RET|KDR|FLT4|PDGFRA|R-HSA-1257604|R-HSA-186763|R-HSA-186797|R-HSA-2219530|R-HSA-5673001|R-HSA-6811558|R-HSA-109704|R-HSA-9607240|R-HSA-9645135|R-HSA-9702509|R-HSA-9702518|R-HSA-9702569|R-HSA-9702577|R-HSA-9702581|R-HSA-9702590|R-HSA-9702596|R-HSA-9702600|R-HSA-9702605|R-HSA-9702614|R-HSA-9702620|R-HSA-9702624|R-HSA-9702632|R-HSA-9702636|R-HSA-9702998|R-HSA-9703009|R-HSA-9703648|R-HSA-9706369|R-HSA-9706374|R-HSA-9706377|R-HSA-5218921|R-HSA-8853659|R-HSA-9768919|R-HSA-9830364|R-HSA-9830674|R-HSA-9673767|R-HSA-9673770|R-HSA-9674396|R-HSA-9674401|R-HSA-9674403|R-HSA-9674404|R-HSA-9674428|R-HSA-1433557|R-HSA-9670439|R-HSA-4420097|R-HSA-1433559|R-HSA-8866910|R-HSA-9669914|R-HSA-9669917|R-HSA-9669921|R-HSA-9669924|R-HSA-9669926|R-HSA-9669929|R-HSA-9669933|R-HSA-9669934|R-HSA-9669935|R-HSA-9669936|R-HSA-9680187|R-HSA-9856649|R-HSA-195399|R-HSA-9013695|R-HSA-9856530|R-HSA-194306|R-HSA-216083|R-HSA-9673768|R-HSA-2028269|Macrophage colony stimulating factor receptor inhibitor|Platelet-derived growth factor receptor beta inhibitor|Stem cell growth factor receptor inhibitor|Tyrosine-protein kinase receptor FLT3 inhibitor|Tyrosine-protein kinase receptor RET inhibitor|Vascular endothelial growth factor receptor 2 inhibitor,4.0,Completed|Terminated,False,78,sunitinib,False,,CCN(CC)CCNC(=O)c1c(C)[nH]c(/C=C2\C(=O)Nc3ccc(F)cc32)c1C,CCN(CC)CCNC(=O)c1c(C)[nH]c(/C=C2\C(=O)Nc3ccc(F)cc32)c1C,3.3349400000000013,-2.48,-3.09,-1.88,-3.09,-1.88,0.105,0.777,1.0,0.0789,0.229,1,0.204,0.241,1,0.673,0.0588,0.0,0.514,0.134,0.0,0.586,0.0865,0.0,7,65,6,7.78423682521141,0.9137133242899534,1.0,3311.311214825911,1.0,0.9395993270029674,1,"{'platelet-derived growth factor receptor beta inhibitor', 'vascular endothelial growth factor receptor 2 inhibitor', 'macrophage colony stimulating factor receptor inhibitor', 'stem cell growth factor receptor inhibitor', 'tyrosine-protein kinase receptor ret inhibitor', 'tyrosine-protein kinase receptor flt3 inhibitor'}","{'R-HSA-9673770', 'R-HSA-9856530', 'R-HSA-8866910', 'R-HSA-9702632', 'R-HSA-4420097', 'R-HSA-9669924', 'R-HSA-195399', 'R-HSA-9706369', 'R-HSA-9768919', 'R-HSA-5218921', 'R-HSA-9669921', 'R-HSA-109704', 'R-HSA-9706377', 'R-HSA-9702581', 'R-HSA-9702636', 'R-HSA-9830364', 'R-HSA-9670439', 'R-HSA-1433559', 'R-HSA-9669935', 'R-HSA-9673767', 'R-HSA-9674428', 'R-HSA-9669926', 'R-HSA-9702569', 'R-HSA-186763', 'R-HSA-9702577', 'R-HSA-9702605', 'R-HSA-2219530', 'R-HSA-9607240', 'R-HSA-9674404', 'R-HSA-9703648', 'R-HSA-194306', 'R-HSA-9702596', 'R-HSA-9830674', 'R-HSA-5673001', 'R-HSA-1433557', 'R-HSA-9674403', 'R-HSA-9702509', 'R-HSA-9680187', 'R-HSA-9856649', 'R-HSA-1257604', 'R-HSA-9702518', 'R-HSA-6811558', 'R-HSA-9706374', 'R-HSA-9702590', 'R-HSA-8853659', 'R-HSA-9702998', 'R-HSA-9669929', 'R-HSA-9013695', 'R-HSA-9669936', 'R-HSA-9674396', 'R-HSA-9673768', 'R-HSA-216083', 'R-HSA-9645135', 'R-HSA-2028269', 'R-HSA-9674401', 'R-HSA-186797', 'R-HSA-9702600', 'R-HSA-9702624', 'R-HSA-9702620', 'R-HSA-9703009', 'R-HSA-9669934', 'R-HSA-9669917', 'R-HSA-9669914', 'R-HSA-9669933', 'R-HSA-9702614'}","{'PDGFRA', 'FLT3', 'RET', 'FLT4', 'PDGFRB', 'KDR', 'KIT'}",,50.0,50.0,16.666666666666668,5.555555555555555,1.8518518518518519,0.6172839506172839,0.205761316872428,0.06858710562414266,0.022862368541380886,0.007620789513793629,0.002540263171264543
