chembl_id,drug_name,smiles,phase,status,source_protein,source_pathway,source_moa,source_known,protein_count,protein_link_count,pathway_count,pathway_link_count,moa_count,moa_link_count,kg_link_count,evidence_entity_count,approved_for_AML,aml_known_drug_flag,in_known_drugs_csv,in_protein_map_csv,in_pathway_map_csv,in_moa_map_csv
CHEMBL101253,VATALANIB,Clc1ccc(Nc2nnc(Cc3ccncc3)c3ccccc23)cc1,3.0,Completed,1.0,1.0,1.0,,3,3,20,28,1,1,32,24,no,no,0,1,1,1
CHEMBL1024,IFOSFAMIDE,O=P1(NCCCl)OCCCN1CCCl,,,,,1.0,,0,0,0,0,1,1,1,1,no,no,0,0,0,1
CHEMBL105,MITOMYCIN,CO[C@@]12[C@H](COC(N)=O)C3=C(C(=O)C(C)=C(N)C3=O)N1C[C@@H]1N[C@@H]12,,,,,1.0,,0,0,0,0,1,1,1,1,no,no,0,0,0,1
CHEMBL107,COLCHICINE,COc1cc2c(c(OC)c1OC)-c1ccc(OC)c(=O)cc1[C@@H](NC(C)=O)CC2,,,,,1.0,,0,0,0,0,1,1,1,1,no,no,0,0,0,1
CHEMBL107430,NRX195183,CC1(C)CCC(C)(C)c2c1cc(C(=O)Nc1cc(F)c(C(=O)O)c(F)c1)c(O)c2Cl,2.0,Withdrawn,1.0,,,,1,1,0,0,0,0,1,1,no,no,0,1,0,0
CHEMBL1078178,MOMELOTINIB,N#CCNC(=O)c1ccc(-c2ccnc(Nc3ccc(N4CCOCC4)cc3)n2)cc1,3.0,Completed,1.0,1.0,,,1,1,3,3,0,0,4,4,no,no,0,1,1,0
CHEMBL1079742,ERLOTINIB HYDROCHLORIDE,C#Cc1cccc(Nc2ncnc3cc(OCCOC)c(OCCOC)cc23)c1.Cl,,,,,1.0,,0,0,0,0,1,1,1,1,no,no,0,0,0,1
CHEMBL1091,HYDROCORTISONE ACETATE,CC(=O)OCC(=O)[C@@]1(O)CC[C@H]2[C@@H]3CCC4=CC(=O)CC[C@]4(C)[C@H]3[C@@H](O)C[C@@]21C,,,,,1.0,,0,0,0,0,1,1,1,1,no,no,0,0,0,1
CHEMBL1092665,SP-420,COCCOCCOc1ccc(C2=N[C@@](C)(C(=O)O)CS2)c(O)c1,,,,,1.0,,0,0,0,0,1,1,1,1,no,no,0,0,0,1
CHEMBL1096380,PLINABULIN,CC(C)(C)c1[nH]cnc1/C=c1\[nH]c(=O)/c(=C/c2ccccc2)[nH]c1=O,,,,,1.0,,0,0,0,0,1,1,1,1,no,no,0,0,0,1
CHEMBL1096885,VALRUBICIN,CCCCC(=O)OCC(=O)[C@]1(O)Cc2c(O)c3c(c(O)c2[C@@H](O[C@H]2C[C@H](NC(=O)C(F)(F)F)[C@H](O)[C@H](C)O2)C1)C(=O)c1c(OC)cccc1C3=O,4.0,,1.0,,1.0,,1,1,0,0,1,1,2,2,no,no,0,1,0,1
CHEMBL1103,FURAZOLIDONE,O=C1OCCN1/N=C/c1ccc([N+](=O)[O-])o1,,,,,1.0,,0,0,0,0,1,1,1,1,no,no,0,0,0,1
CHEMBL1129,TRIFLURIDINE,O=c1[nH]c(=O)n([C@H]2C[C@H](O)[C@@H](CO)O2)cc1C(F)(F)F,,,,,1.0,,0,0,0,0,1,1,1,1,no,no,0,0,0,1
CHEMBL1130,DOXIFLURIDINE,C[C@H]1O[C@@H](n2cc(F)c(=O)[nH]c2=O)[C@H](O)[C@@H]1O,,,,,1.0,,0,0,0,0,1,1,1,1,no,no,0,0,0,1
CHEMBL1131,ACITRETIN,COc1cc(C)c(/C=C/C(C)=C/C=C/C(C)=C/C(=O)O)c(C)c1C,4.0,"Active, not recruiting;Unknown status",1.0,,,,2,2,0,0,0,0,2,2,no,no,0,1,0,0
CHEMBL11359,CISPLATIN,,,,,,1.0,,0,0,0,0,1,1,1,1,no,no,0,0,0,1
CHEMBL1152,PREDNISOLONE ACETATE,CC(=O)OCC(=O)[C@@]1(O)CC[C@H]2[C@@H]3CCC4=CC(=O)C=C[C@]4(C)[C@H]3[C@@H](O)C[C@@]21C,,,,,1.0,,0,0,0,0,1,1,1,1,no,no,0,0,0,1
CHEMBL1159650,CLOBETASOL PROPIONATE,CCC(=O)O[C@]1(C(=O)CCl)[C@@H](C)C[C@H]2[C@@H]3CCC4=CC(=O)C=C[C@]4(C)[C@@]3(F)[C@@H](O)C[C@@]21C,,,,,1.0,,0,0,0,0,1,1,1,1,no,no,0,0,0,1
CHEMBL1161,MOMETASONE FUROATE,C[C@@H]1C[C@H]2[C@@H]3CCC4=CC(=O)C=C[C@]4(C)[C@@]3(Cl)[C@@H](O)C[C@]2(C)[C@@]1(OC(=O)c1ccco1)C(=O)CCl,,,,,1.0,,0,0,0,0,1,1,1,1,no,no,0,0,0,1
CHEMBL1169,AMINOSALICYLIC ACID,Nc1ccc(C(=O)O)c(O)c1,,,,,1.0,,0,0,0,0,1,1,1,1,no,no,0,0,0,1
CHEMBL118218,IROFULVEN,CC1=C(CO)C2=C(C)C3(CC3)[C@@](C)(O)C(=O)C2=C1,,,,,1.0,,0,0,0,0,1,1,1,1,no,no,0,0,0,1
CHEMBL1186894,AMRUBICIN,CC(=O)[C@]1(N)Cc2c(O)c3c(c(O)c2[C@@H](O[C@H]2C[C@H](O)[C@H](O)CO2)C1)C(=O)c1ccccc1C3=O,3.0,,1.0,,1.0,,1,1,0,0,1,1,2,2,no,no,0,1,0,1
CHEMBL1189025,BROSTALLICIN,C=C(Br)C(=O)Nc1cc(C(=O)Nc2cc(C(=O)Nc3cc(C(=O)Nc4cc(C(=O)NCCNC(=N)N)n(C)c4)n(C)c3)n(C)c2)n(C)c1,,,,,1.0,,0,0,0,0,1,1,1,1,no,no,0,0,0,1
CHEMBL1200342,PARAMETHASONE ACETATE,CC(=O)OCC(=O)[C@@]1(O)[C@H](C)C[C@H]2[C@@H]3C[C@H](F)C4=CC(=O)C=C[C@]4(C)[C@H]3[C@@H](O)C[C@@]21C,,,,,1.0,,0,0,0,0,1,1,1,1,no,no,0,0,0,1
CHEMBL1200376,BETAMETHASONE BENZOATE,C[C@H]1C[C@H]2[C@@H]3CCC4=CC(=O)C=C[C@]4(C)[C@@]3(F)[C@@H](O)C[C@]2(C)[C@@]1(OC(=O)c1ccccc1)C(=O)CO,,,,,1.0,,0,0,0,0,1,1,1,1,no,no,0,0,0,1
CHEMBL1200384,BETAMETHASONE DIPROPIONATE,CCC(=O)OCC(=O)[C@@]1(OC(=O)CC)[C@@H](C)C[C@H]2[C@@H]3CCC4=CC(=O)C=C[C@]4(C)[C@@]3(F)[C@@H](O)C[C@@]21C,,,,,1.0,,0,0,0,0,1,1,1,1,no,no,0,0,0,1
CHEMBL1200386,PREDNICARBATE,CCOC(=O)O[C@]1(C(=O)COC(=O)CC)CC[C@H]2[C@@H]3CCC4=CC(=O)C=C[C@]4(C)[C@H]3[C@@H](O)C[C@@]21C,,,,,1.0,,0,0,0,0,1,1,1,1,no,no,0,0,0,1
CHEMBL1200400,AZATHIOPRINE SODIUM,Cn1cnc([N+](=O)[O-])c1Sc1ncnc2nc[n-]c12.[Na+],,,,,1.0,,0,0,0,0,1,1,1,1,no,no,0,0,0,1
CHEMBL1200410,PROCARBAZINE HYDROCHLORIDE,CNNCc1ccc(C(=O)NC(C)C)cc1.Cl,,,,,1.0,,0,0,0,0,1,1,1,1,no,no,0,0,0,1
CHEMBL1200449,TRIAMCINOLONE DIACETATE,CC(=O)OCC(=O)[C@@]1(O)[C@H](OC(C)=O)C[C@H]2[C@@H]3CCC4=CC(=O)C=C[C@]4(C)[C@@]3(F)[C@@H](O)C[C@@]21C,,,,,1.0,,0,0,0,0,1,1,1,1,no,no,0,0,0,1
CHEMBL1200475,DAUNORUBICIN CITRATE,COc1cccc2c1C(=O)c1c(O)c3c(c(O)c1C2=O)C[C@@](O)(C(C)=O)C[C@@H]3O[C@H]1C[C@H](N)[C@H](O)[C@H](C)O1.O=C(O)CC(O)(CC(=O)O)C(=O)O,2.0,Completed,1.0,,1.0,,1,1,0,0,1,1,2,2,no,no,0,1,0,1
CHEMBL1200495,HYDROCORTISONE SODIUM SUCCINATE,C[C@]12CCC(=O)C=C1CC[C@@H]1[C@@H]2[C@@H](O)C[C@@]2(C)[C@H]1CC[C@]2(O)C(=O)COC(=O)CCC(=O)[O-].[Na+],,,,,1.0,,0,0,0,0,1,1,1,1,no,no,0,0,0,1
CHEMBL1200500,BECLOMETHASONE DIPROPIONATE,CCC(=O)OCC(=O)[C@@]1(OC(=O)CC)[C@@H](C)C[C@H]2[C@@H]3CCC4=CC(=O)C=C[C@]4(C)[C@@]3(Cl)[C@@H](O)C[C@@]21C,,,,,1.0,,0,0,0,0,1,1,1,1,no,no,0,0,0,1
CHEMBL1200538,BETAMETHASONE ACETATE,CC(=O)OCC(=O)[C@@]1(O)[C@@H](C)C[C@H]2[C@@H]3CCC4=CC(=O)C=C[C@]4(C)[C@@]3(F)[C@@H](O)C[C@@]21C,,,,,1.0,,0,0,0,0,1,1,1,1,no,no,0,0,0,1
CHEMBL1200545,DIFLORASONE DIACETATE,CC(=O)OCC(=O)[C@@]1(OC(C)=O)[C@@H](C)C[C@H]2[C@@H]3C[C@H](F)C4=CC(=O)C=C[C@]4(C)[C@@]3(F)[C@@H](O)C[C@@]21C,,,,,1.0,,0,0,0,0,1,1,1,1,no,no,0,0,0,1
CHEMBL1200561,DOXAZOSIN MESYLATE,COc1cc2nc(N3CCN(C(=O)C4COc5ccccc5O4)CC3)nc(N)c2cc1OC.CS(=O)(=O)O,,,,,1.0,,0,0,0,0,1,1,1,1,no,no,0,0,0,1
CHEMBL1200562,HYDROCORTISONE VALERATE,CCCCC(=O)O[C@]1(C(=O)CO)CC[C@H]2[C@@H]3CCC4=CC(=O)CC[C@]4(C)[C@H]3[C@@H](O)C[C@@]21C,,,,,1.0,,0,0,0,0,1,1,1,1,no,no,0,0,0,1
CHEMBL1200582,AMINOLEVULINIC ACID HYDROCHLORIDE,Cl.NCC(=O)CCC(=O)O,,,,,1.0,,0,0,0,0,1,1,1,1,no,no,0,0,0,1
CHEMBL1200584,AMINOSALICYLATE POTASSIUM,Nc1ccc(C(=O)[O-])c(O)c1.[K+],,,,,1.0,,0,0,0,0,1,1,1,1,no,no,0,0,0,1
CHEMBL1200596,CHLOROXINE,Oc1c(Cl)cc(Cl)c2cccnc12,,,,,1.0,,0,0,0,0,1,1,1,1,no,no,0,0,0,1
CHEMBL1200600,FLUOROMETHOLONE,CC(=O)[C@@]1(O)CC[C@H]2[C@@H]3C[C@H](C)C4=CC(=O)C=C[C@]4(C)[C@@]3(F)[C@@H](O)C[C@@]21C,,,,,1.0,,0,0,0,0,1,1,1,1,no,no,0,0,0,1
CHEMBL1200617,RIMEXOLONE,CCC(=O)[C@@]1(C)[C@H](C)C[C@H]2[C@@H]3CCC4=CC(=O)C=C[C@]4(C)[C@H]3[C@@H](O)C[C@@]21C,,,,,1.0,,0,0,0,0,1,1,1,1,no,no,0,0,0,1
CHEMBL1200635,HYDROCORTAMATE HYDROCHLORIDE,CCN(CC)CC(=O)OCC(=O)[C@@]1(O)CC[C@H]2[C@@H]3CCC4=CC(=O)CC[C@]4(C)[C@H]3[C@@H](O)C[C@@]21C.Cl,,,,,1.0,,0,0,0,0,1,1,1,1,no,no,0,0,0,1
CHEMBL1200645,ETOPOSIDE PHOSPHATE,COc1cc([C@@H]2c3cc4c(cc3[C@@H](O[C@@H]3O[C@@H]5CO[C@@H](C)O[C@H]5[C@H](O)[C@H]3O)[C@H]3COC(=O)[C@H]23)OCO4)cc(OC)c1OP(=O)(O)O,3.0,Unknown status,1.0,,1.0,,1,1,0,0,1,1,2,2,no,no,0,1,0,1
CHEMBL1200721,ESTRAMUSTINE PHOSPHATE SODIUM,C[C@]12CC[C@@H]3c4ccc(OC(=O)N(CCCl)CCCl)cc4CC[C@H]3[C@@H]1CC[C@@H]2OP(=O)([O-])[O-].[Na+].[Na+],,,,,1.0,,0,0,0,0,1,1,1,1,no,no,0,0,0,1
CHEMBL1200732,AMCINONIDE,CC(=O)OCC(=O)[C@@]12OC3(CCCC3)O[C@@H]1C[C@H]1[C@@H]3CCC4=CC(=O)C=C[C@]4(C)[C@@]3(F)[C@@H](O)C[C@@]12C,,,,,1.0,,0,0,0,0,1,1,1,1,no,no,0,0,0,1
CHEMBL1200762,BETAMETHASONE SODIUM PHOSPHATE,C[C@H]1C[C@H]2[C@@H]3CCC4=CC(=O)C=C[C@]4(C)[C@@]3(F)[C@@H](O)C[C@]2(C)[C@@]1(O)C(=O)COP(=O)([O-])[O-].[Na+].[Na+],,,,,1.0,,0,0,0,0,1,1,1,1,no,no,0,0,0,1
CHEMBL1200774,FLUPREDNISOLONE,C[C@]12C=CC(=O)C=C1[C@@H](F)C[C@@H]1[C@@H]2[C@@H](O)C[C@@]2(C)[C@H]1CC[C@]2(O)C(=O)CO,,,,,1.0,,0,0,0,0,1,1,1,1,no,no,0,0,0,1
CHEMBL1200794,OXYMORPHONE HYDROCHLORIDE,CN1CC[C@]23c4c5ccc(O)c4O[C@H]2C(=O)CC[C@@]3(O)[C@H]1C5.Cl,,,,,1.0,,0,0,0,0,1,1,1,1,no,no,0,0,0,1
CHEMBL1200796,CYCLOPHOSPHAMIDE,O.O=P1(N(CCCl)CCCl)NCCCO1,,,,,1.0,,0,0,0,0,1,1,1,1,no,no,0,0,0,1
CHEMBL1200845,HALCINONIDE,CC1(C)O[C@@H]2C[C@H]3[C@@H]4CCC5=CC(=O)CC[C@]5(C)[C@@]4(F)[C@@H](O)C[C@]3(C)[C@]2(C(=O)CCl)O1,,,,,1.0,,0,0,0,0,1,1,1,1,no,no,0,0,0,1
CHEMBL1200863,MELPHALAN HYDROCHLORIDE,Cl.N[C@@H](Cc1ccc(N(CCCl)CCCl)cc1)C(=O)O,,,,,1.0,,0,0,0,0,1,1,1,1,no,no,0,0,0,1
CHEMBL1200865,LOTEPREDNOL ETABONATE,CCOC(=O)O[C@]1(C(=O)OCCl)CC[C@H]2[C@@H]3CCC4=CC(=O)C=C[C@]4(C)[C@H]3[C@@H](O)C[C@@]21C,,,,,1.0,,0,0,0,0,1,1,1,1,no,no,0,0,0,1
CHEMBL1200869,METRONIDAZOLE HYDROCHLORIDE,Cc1ncc([N+](=O)[O-])n1CCO.Cl,,,,,1.0,,0,0,0,0,1,1,1,1,no,no,0,0,0,1
CHEMBL1200877,FLUMETHASONE PIVALATE,C[C@@H]1C[C@H]2[C@@H]3C[C@H](F)C4=CC(=O)C=C[C@]4(C)[C@@]3(F)[C@@H](O)C[C@]2(C)[C@@]1(O)C(=O)COC(=O)C(C)(C)C,,,,,1.0,,0,0,0,0,1,1,1,1,no,no,0,0,0,1
CHEMBL1200878,TRIAMCINOLONE HEXACETONIDE,CC(C)(C)CC(=O)OCC(=O)[C@@]12OC(C)(C)O[C@@H]1C[C@H]1[C@@H]3CCC4=CC(=O)C=C[C@]4(C)[C@@]3(F)[C@@H](O)C[C@@]12C,,,,,1.0,,0,0,0,0,1,1,1,1,no,no,0,0,0,1
CHEMBL1200908,HALOBETASOL PROPIONATE,CCC(=O)O[C@]1(C(=O)CCl)[C@@H](C)C[C@H]2[C@@H]3C[C@H](F)C4=CC(=O)C=C[C@]4(C)[C@@]3(F)[C@@H](O)C[C@@]21C,,,,,1.0,,0,0,0,0,1,1,1,1,no,no,0,0,0,1
CHEMBL1200909,PREDNISOLONE TEBUTATE,CC(C)(C)CC(=O)OCC(=O)[C@@]1(O)CC[C@H]2[C@@H]3CCC4=CC(=O)C=C[C@]4(C)[C@H]3[C@@H](O)C[C@@]21C,,,,,1.0,,0,0,0,0,1,1,1,1,no,no,0,0,0,1
CHEMBL1200914,TAMSULOSIN HYDROCHLORIDE,CCOc1ccccc1OCCN[C@H](C)Cc1ccc(OC)c(S(N)(=O)=O)c1.Cl,,,,,1.0,,0,0,0,0,1,1,1,1,no,no,0,0,0,1
CHEMBL1200948,TRIMIPRAMINE MALEATE,CC(CN(C)C)CN1c2ccccc2CCc2ccccc21.O=C(O)/C=C\C(=O)O,,,,,1.0,,0,0,0,0,1,1,1,1,no,no,0,0,0,1
CHEMBL1200953,HYDROCORTISONE PROBUTATE,CCCC(=O)O[C@]1(C(=O)COC(=O)CC)CC[C@H]2[C@@H]3CCC4=CC(=O)CC[C@]4(C)[C@H]3[C@@H](O)C[C@@]21C,,,,,1.0,,0,0,0,0,1,1,1,1,no,no,0,0,0,1
CHEMBL1200955,MYCOPHENOLATE MOFETIL HYDROCHLORIDE,COc1c(C)c2c(c(O)c1C/C=C(\C)CCC(=O)OCCN1CCOCC1)C(=O)OC2.Cl,,,,,1.0,,0,0,0,0,1,1,1,1,no,no,0,0,0,1
CHEMBL1200968,HYDROCORTISONE SODIUM PHOSPHATE,C[C@]12CCC(=O)C=C1CC[C@@H]1[C@@H]2[C@@H](O)C[C@@]2(C)[C@H]1CC[C@]2(O)C(=O)COP(=O)([O-])[O-].[Na+].[Na+],,,,,1.0,,0,0,0,0,1,1,1,1,no,no,0,0,0,1
CHEMBL1200975,CLOCORTOLONE PIVALATE,C[C@@H]1C[C@H]2[C@@H]3C[C@H](F)C4=CC(=O)C=C[C@]4(C)[C@@]3(Cl)[C@@H](O)C[C@]2(C)[C@H]1C(=O)COC(=O)C(C)(C)C,,,,,1.0,,0,0,0,0,1,1,1,1,no,no,0,0,0,1
CHEMBL1200981,EPIRUBICIN HYDROCHLORIDE,COc1cccc2c1C(=O)c1c(O)c3c(c(O)c1C2=O)C[C@@](O)(C(=O)CO)C[C@@H]3O[C@H]1C[C@H](N)[C@@H](O)[C@H](C)O1.Cl,,,,,1.0,,0,0,0,0,1,1,1,1,no,no,0,0,0,1
CHEMBL1200983,GALLIUM NITRATE,,,,,,1.0,,0,0,0,0,1,1,1,1,no,no,0,0,0,1
CHEMBL1200989,ALCLOMETASONE DIPROPIONATE,CCC(=O)OCC(=O)[C@@]1(OC(=O)CC)[C@H](C)C[C@H]2[C@H]3[C@H]([C@@H](O)C[C@@]21C)[C@@]1(C)C=CC(=O)C=C1C[C@H]3Cl,,,,,1.0,,0,0,0,0,1,1,1,1,no,no,0,0,0,1
CHEMBL1201000,NITROFURANTOIN SODIUM,O=C1CN(/N=C/c2ccc([N+](=O)[O-])o2)C(=O)[N-]1.[Na+],,,,,1.0,,0,0,0,0,1,1,1,1,no,no,0,0,0,1
CHEMBL1201001,MECHLORETHAMINE HYDROCHLORIDE,CN(CCCl)CCCl.Cl,,,,,1.0,,0,0,0,0,1,1,1,1,no,no,0,0,0,1
CHEMBL1201002,CARTEOLOL HYDROCHLORIDE,CC(C)(C)NCC(O)COc1cccc2c1CCC(=O)N2.Cl,,,,,1.0,,0,0,0,0,1,1,1,1,no,no,0,0,0,1
CHEMBL1201012,FLURANDRENOLIDE,CC1(C)O[C@@H]2C[C@H]3[C@@H]4C[C@H](F)C5=CC(=O)CC[C@]5(C)[C@H]4[C@@H](O)C[C@]3(C)[C@]2(C(=O)CO)O1,,,,,1.0,,0,0,0,0,1,1,1,1,no,no,0,0,0,1
CHEMBL1201014,PREDNISOLONE SODIUM PHOSPHATE,C[C@]12C=CC(=O)C=C1CC[C@@H]1[C@@H]2[C@@H](O)C[C@@]2(C)[C@H]1CC[C@]2(O)C(=O)COP(=O)([O-])[O-].[Na+].[Na+],,,,,1.0,,0,0,0,0,1,1,1,1,no,no,0,0,0,1
CHEMBL1201059,PROGUANIL HYDROCHLORIDE,CC(C)NC(=N)NC(=N)Nc1ccc(Cl)cc1.Cl,,,,,1.0,,0,0,0,0,1,1,1,1,no,no,0,0,0,1
CHEMBL1201064,FLUOROMETHOLONE ACETATE,CC(=O)O[C@]1(C(C)=O)CC[C@H]2[C@@H]3C[C@H](C)C4=CC(=O)C=C[C@]4(C)[C@@]3(F)[C@@H](O)C[C@@]21C,,,,,1.0,,0,0,0,0,1,1,1,1,no,no,0,0,0,1
CHEMBL1201080,TRIMETHOPRIM HYDROCHLORIDE,COc1cc(Cc2cnc(N)nc2N)cc(OC)c1OC.Cl,,,,,1.0,,0,0,0,0,1,1,1,1,no,no,0,0,0,1
CHEMBL1201093,METHYL AMINOLEVULINATE HYDROCHLORIDE,COC(=O)CCC(=O)CN.Cl,,,,,1.0,,0,0,0,0,1,1,1,1,no,no,0,0,0,1
CHEMBL1201104,METHENAMINE HIPPURATE,C1N2CN3CN1CN(C2)C3.O=C(O)CNC(=O)c1ccccc1,,,,,1.0,,0,0,0,0,1,1,1,1,no,no,0,0,0,1
CHEMBL1201109,DESONIDE,CC1(C)O[C@@H]2C[C@H]3[C@@H]4CCC5=CC(=O)C=C[C@]5(C)[C@H]4[C@@H](O)C[C@]3(C)[C@]2(C(=O)CO)O1,,,,,1.0,,0,0,0,0,1,1,1,1,no,no,0,0,0,1
CHEMBL1201112,NELARABINE,COc1nc(N)nc2c1ncn2[C@@H]1O[C@H](CO)[C@@H](O)[C@@H]1O,,,,,1.0,,0,0,0,0,1,1,1,1,no,no,0,0,0,1
CHEMBL1201148,MEPREDNISONE,C[C@H]1C[C@H]2[C@@H]3CCC4=CC(=O)C=C[C@]4(C)[C@H]3C(=O)C[C@]2(C)[C@@]1(O)C(=O)CO,,,,,1.0,,0,0,0,0,1,1,1,1,no,no,0,0,0,1
CHEMBL1201167,CARVEDILOL PHOSPHATE,COc1ccccc1OCCNCC(O)COc1cccc2[nH]c3ccccc3c12.O=P(O)(O)O,,,,,1.0,,0,0,0,0,1,1,1,1,no,no,0,0,0,1
CHEMBL1201173,MEDRYSONE,CC(=O)[C@H]1CC[C@H]2[C@@H]3C[C@H](C)C4=CC(=O)CC[C@]4(C)[C@H]3[C@@H](O)C[C@]12C,,,,,1.0,,0,0,0,0,1,1,1,1,no,no,0,0,0,1
CHEMBL1201179,LAPATINIB DITOSYLATE,CS(=O)(=O)CCNCc1ccc(-c2ccc3ncnc(Nc4ccc(OCc5cccc(F)c5)c(Cl)c4)c3c2)o1.Cc1ccc(S(=O)(=O)O)cc1.Cc1ccc(S(=O)(=O)O)cc1.O,,,,,1.0,,0,0,0,0,1,1,1,1,no,no,0,0,0,1
CHEMBL1201463,CODEINE POLISTIREX,,,,,,1.0,,0,0,0,0,1,1,1,1,no,no,0,0,0,1
CHEMBL1201470,HYDROCODONE POLISTIREX,,,,,,1.0,,0,0,0,0,1,1,1,1,no,no,0,0,0,1
CHEMBL1201481,PORFIMER SODIUM,,,,,,1.0,,0,0,0,0,1,1,1,1,no,no,0,0,0,1
CHEMBL1201556,BECAPLERMIN,,4.0,,1.0,1.0,,,2,2,4,8,0,0,10,6,no,no,0,1,1,0
CHEMBL1201733,PAZOPANIB HYDROCHLORIDE,Cc1ccc(Nc2nccc(N(C)c3ccc4c(C)n(C)nc4c3)n2)cc1S(N)(=O)=O.Cl,4.0,,1.0,1.0,1.0,,3,3,20,28,1,1,32,24,no,no,0,1,1,1
CHEMBL1201734,BENDAMUSTINE HYDROCHLORIDE,Cl.Cn1c(CCCC(=O)O)nc2cc(N(CCCl)CCCl)ccc21,,,,,1.0,,0,0,0,0,1,1,1,1,no,no,0,0,0,1
CHEMBL1201740,NILOTINIB HYDROCHLORIDE MONOHYDRATE,Cc1cn(-c2cc(NC(=O)c3ccc(C)c(Nc4nccc(-c5cccnc5)n4)c3)cc(C(F)(F)F)c2)cn1.Cl.O,,,,,1.0,,0,0,0,0,1,1,1,1,no,no,0,0,0,1
CHEMBL1201746,PRALATREXATE,C#CCC(Cc1cnc2nc(N)nc(N)c2n1)c1ccc(C(=O)N[C@@H](CCC(=O)O)C(=O)O)cc1,,,,,1.0,,0,0,0,0,1,1,1,1,no,no,0,0,0,1
CHEMBL1201748,CABAZITAXEL,CO[C@H]1C(=O)[C@]2(C)[C@@H](OC)C[C@H]3OC[C@@]3(OC(C)=O)[C@H]2[C@H](OC(=O)c2ccccc2)[C@]2(O)C[C@H](OC(=O)[C@H](O)[C@@H](NC(=O)OC(C)(C)C)c3ccccc3)C(C)=C1C2(C)C,,,,,1.0,,0,0,0,0,1,1,1,1,no,no,0,0,0,1
CHEMBL1201749,DIFLUPREDNATE,CCCC(=O)O[C@]1(C(=O)COC(C)=O)CC[C@H]2[C@@H]3C[C@H](F)C4=CC(=O)C=C[C@]4(C)[C@@]3(F)[C@@H](O)C[C@@]21C,,,,,1.0,,0,0,0,0,1,1,1,1,no,no,0,0,0,1
CHEMBL1201752,IXABEPILONE,C/C(=C\c1csc(C)n1)[C@@H]1C[C@@H]2O[C@]2(C)CCC[C@H](C)[C@H](O)[C@@H](C)C(=O)C(C)(C)[C@@H](O)CC(=O)N1,,,,,1.0,,0,0,0,0,1,1,1,1,no,no,0,0,0,1
CHEMBL1201891,DEFLAZACORT,CC(=O)OCC(=O)[C@@]12N=C(C)O[C@@H]1C[C@H]1[C@@H]3CCC4=CC(=O)C=C[C@]4(C)[C@H]3[C@@H](O)C[C@@]12C,,,,,1.0,,0,0,0,0,1,1,1,1,no,no,0,0,0,1
CHEMBL1204165,DILEVALOL HYDROCHLORIDE,C[C@H](CCc1ccccc1)NC[C@H](O)c1ccc(O)c(C(N)=O)c1.Cl,,,,,1.0,,0,0,0,0,1,1,1,1,no,no,0,0,0,1
CHEMBL1220,TINIDAZOLE,CCS(=O)(=O)CCn1c([N+](=O)[O-])cnc1C,,,,,1.0,,0,0,0,0,1,1,1,1,no,no,0,0,0,1
CHEMBL1229517,VEMURAFENIB,CCCS(=O)(=O)Nc1ccc(F)c(C(=O)c2c[nH]c3ncc(-c4ccc(Cl)cc4)cc23)c1F,,,,,1.0,,0,0,0,0,1,1,1,1,no,no,0,0,0,1
CHEMBL1230609,FORETINIB,COc1cc2c(Oc3ccc(NC(=O)C4(C(=O)Nc5ccc(F)cc5)CC4)cc3F)ccnc2cc1OCCCN1CCOCC1,2.0,Completed,1.0,1.0,1.0,,4,4,20,32,1,1,37,25,no,no,0,1,1,1
CHEMBL1231124,AZD-1480,Cc1cc(Nc2nc(N[C@@H](C)c3ncc(F)cn3)ncc2Cl)[nH]n1,1.0,Terminated,1.0,1.0,,,1,1,3,3,0,0,4,4,no,no,0,1,1,0
CHEMBL1234,DEFEROXAMINE MESYLATE,CC(=O)N(O)CCCCCNC(=O)CCC(=O)N(O)CCCCCNC(=O)CCC(=O)N(O)CCCCCN.CS(=O)(=O)O,,,,,1.0,,0,0,0,0,1,1,1,1,no,no,0,0,0,1
CHEMBL1237054,PLICAMYCIN,CO[C@H](C(=O)[C@@H](O)[C@@H](C)O)[C@@H]1Cc2cc3cc(O[C@H]4C[C@@H](O[C@@H]5C[C@@H](O)[C@H](O)[C@@H](C)O5)[C@H](O)[C@@H](C)O4)c(C)c(O)c3c(O)c2C(=O)[C@H]1O[C@H]1C[C@@H](O[C@@H]2C[C@@H](O)[C@@H](O[C@@H]3C[C@](C)(O)[C@H](O)[C@@H](C)O3)[C@@H](C)O2)[C@H](O)[C@@H](C)O1,,,,,1.0,,0,0,0,0,1,1,1,1,no,no,0,0,0,1
CHEMBL124660,TANDUTINIB,COc1cc2c(N3CCN(C(=O)Nc4ccc(OC(C)C)cc4)CC3)ncnc2cc1OCCCN1CCCCC1,2.0,Completed,1.0,1.0,1.0,,3,3,20,28,1,1,32,24,no,no,0,1,1,1
CHEMBL1265,ADAPALENE,COc1ccc(-c2ccc3cc(C(=O)O)ccc3c2)cc1C12CC3CC(CC(C3)C1)C2,4.0,,1.0,,1.0,,2,2,0,0,1,1,3,3,no,no,0,1,0,1
CHEMBL12713,SERTINDOLE,O=C1NCCN1CCN1CCC(c2cn(-c3ccc(F)cc3)c3ccc(Cl)cc23)CC1,,,,,1.0,,0,0,0,0,1,1,1,1,no,no,0,0,0,1
CHEMBL1278146,FAMITINIB,CCN(CC)CCN1CCc2[nH]c(/C=C3\C(=O)Nc4ccc(F)cc43)c(C)c2C1=O,3.0,Completed,1.0,1.0,1.0,,4,4,20,32,1,1,37,25,no,no,0,1,1,1
CHEMBL1287853,FEDRATINIB,Cc1cnc(Nc2ccc(OCCN3CCCC3)cc2)nc1Nc1cccc(S(=O)(=O)NC(C)(C)C)c1,4.0,,1.0,1.0,1.0,,2,2,6,7,1,1,10,9,no,no,0,1,1,1
CHEMBL1289494,TIVOZANIB,COc1cc2nccc(Oc3ccc(NC(=O)Nc4cc(C)on4)c(Cl)c3)c2cc1OC,3.0,,1.0,1.0,1.0,,2,2,20,24,1,1,27,23,no,no,0,1,1,1
CHEMBL1289926,AXITINIB,CNC(=O)c1ccccc1Sc1ccc2c(/C=C/c3ccccn3)n[nH]c2c1,,,,,1.0,,0,0,0,0,1,1,1,1,no,no,0,0,0,1
CHEMBL1292,CLOFAZIMINE,CC(C)/N=c1\cc2n(-c3ccc(Cl)cc3)c3ccccc3nc-2cc1Nc1ccc(Cl)cc1,,,,,1.0,,0,0,0,0,1,1,1,1,no,no,0,0,0,1
CHEMBL134561,ICLAPRIM,COc1cc(Cc2cnc(N)nc2N)c2c(c1OC)OC(C1CC1)C=C2,,,,,1.0,,0,0,0,0,1,1,1,1,no,no,0,0,0,1
CHEMBL1351,CARBOPLATIN,,,,,,1.0,,0,0,0,0,1,1,1,1,no,no,0,0,0,1
CHEMBL1364144,METHYLPREDNISOLONE ACETATE,CC(=O)OCC(=O)[C@@]1(O)CC[C@H]2[C@@H]3C[C@H](C)C4=CC(=O)C=C[C@]4(C)[C@H]3[C@@H](O)C[C@@]21C,,,,,1.0,,0,0,0,0,1,1,1,1,no,no,0,0,0,1
CHEMBL136737,NIMUSTINE,Cc1ncc(CNC(=O)N(CCCl)N=O)c(N)n1,,,,,1.0,,0,0,0,0,1,1,1,1,no,no,0,0,0,1
CHEMBL137,METRONIDAZOLE,Cc1ncc([N+](=O)[O-])n1CCO,,,,,1.0,,0,0,0,0,1,1,1,1,no,no,0,0,0,1
CHEMBL1370,BUDESONIDE,CCCC1O[C@@H]2C[C@H]3[C@@H]4CCC5=CC(=O)C=C[C@]5(C)[C@H]4[C@@H](O)C[C@]3(C)[C@]2(C(=O)CO)O1,,,,,1.0,,0,0,0,0,1,1,1,1,no,no,0,0,0,1
CHEMBL141,LAMIVUDINE,Nc1ccn([C@@H]2CS[C@H](CO)O2)c(=O)n1,,,,,1.0,,0,0,0,0,1,1,1,1,no,no,0,0,0,1
CHEMBL1413,CICLOPIROX,Cc1cc(C2CCCCC2)n(O)c(=O)c1,,,,,1.0,,0,0,0,0,1,1,1,1,no,no,0,0,0,1
CHEMBL1448,NICLOSAMIDE,O=C(Nc1ccc([N+](=O)[O-])cc1Cl)c1cc(Cl)ccc1O,,,,,1.0,,0,0,0,0,1,1,1,1,no,no,0,0,0,1
CHEMBL1451,TRIAMCINOLONE,C[C@]12C=CC(=O)C=C1CC[C@H]1[C@@H]3C[C@@H](O)[C@](O)(C(=O)CO)[C@@]3(C)C[C@H](O)[C@@]12F,,,,,1.0,,0,0,0,0,1,1,1,1,no,no,0,0,0,1
CHEMBL1455,ALTRETAMINE,CN(C)c1nc(N(C)C)nc(N(C)C)n1,,,,,1.0,,0,0,0,0,1,1,1,1,no,no,0,0,0,1
CHEMBL1473,FLUTICASONE PROPIONATE,CCC(=O)O[C@]1(C(=O)SCF)[C@H](C)C[C@H]2[C@@H]3C[C@H](F)C4=CC(=O)C=C[C@]4(C)[C@@]3(F)[C@@H](O)C[C@@]21C,,,,,1.0,,0,0,0,0,1,1,1,1,no,no,0,0,0,1
CHEMBL1475,TRIOXSALEN,Cc1cc2cc3c(C)cc(=O)oc3c(C)c2o1,,,,,1.0,,0,0,0,0,1,1,1,1,no,no,0,0,0,1
CHEMBL1483,ALBENDAZOLE,CCCSc1ccc2[nH]c(NC(=O)OC)nc2c1,,,,,1.0,,0,0,0,0,1,1,1,1,no,no,0,0,0,1
CHEMBL1488,URACIL MUSTARD,Oc1ncc(N(CCCl)CCCl)c(O)n1,,,,,1.0,,0,0,0,0,1,1,1,1,no,no,0,0,0,1
CHEMBL1497,BETAMETHASONE VALERATE,CCCCC(=O)O[C@]1(C(=O)CO)[C@@H](C)C[C@H]2[C@@H]3CCC4=CC(=O)C=C[C@]4(C)[C@@]3(F)[C@@H](O)C[C@@]21C,,,,,1.0,,0,0,0,0,1,1,1,1,no,no,0,0,0,1
CHEMBL1501,FLUOCINONIDE,CC(=O)OCC(=O)[C@@]12OC(C)(C)O[C@@H]1C[C@H]1[C@@H]3C[C@H](F)C4=CC(=O)C=C[C@]4(C)[C@@]3(F)[C@@H](O)C[C@@]12C,,,,,1.0,,0,0,0,0,1,1,1,1,no,no,0,0,0,1
CHEMBL1504,TRIAMCINOLONE ACETONIDE,CC1(C)O[C@@H]2C[C@H]3[C@@H]4CCC5=CC(=O)C=C[C@]5(C)[C@@]4(F)[C@@H](O)C[C@]3(C)[C@]2(C(=O)CO)O1,,,,,1.0,,0,0,0,0,1,1,1,1,no,no,0,0,0,1
CHEMBL1512,FLUNISOLIDE,CC1(C)O[C@@H]2C[C@H]3[C@@H]4C[C@H](F)C5=CC(=O)C=C[C@]5(C)[C@H]4[C@@H](O)C[C@]3(C)[C@]2(C(=O)CO)O1,,,,,1.0,,0,0,0,0,1,1,1,1,no,no,0,0,0,1
CHEMBL1530428,DEXAMETHASONE ACETATE,CC(=O)OCC(=O)[C@@]1(O)[C@H](C)C[C@H]2[C@@H]3CCC4=CC(=O)C=C[C@]4(C)[C@@]3(F)[C@@H](O)C[C@@]21C,,,,,1.0,,0,0,0,0,1,1,1,1,no,no,0,0,0,1
CHEMBL1542,AZATHIOPRINE,Cn1cnc([N+](=O)[O-])c1Sc1ncnc2[nH]cnc12,,,,,1.0,,0,0,0,0,1,1,1,1,no,no,0,0,0,1
CHEMBL1549,HYDROCORTISONE CYPIONATE,C[C@]12CCC(=O)C=C1CC[C@@H]1[C@@H]2[C@@H](O)C[C@@]2(C)[C@H]1CC[C@]2(O)C(=O)COC(=O)CCC1CCCC1,,,,,1.0,,0,0,0,0,1,1,1,1,no,no,0,0,0,1
CHEMBL1558,PRAZOSIN HYDROCHLORIDE,COc1cc2nc(N3CCN(C(=O)c4ccco4)CC3)nc(N)c2cc1OC.Cl,,,,,1.0,,0,0,0,0,1,1,1,1,no,no,0,0,0,1
CHEMBL1567,SUNITINIB MALATE,CCN(CC)CCNC(=O)c1c(C)[nH]c(/C=C2\C(=O)Nc3ccc(F)cc32)c1C.O=C(O)C[C@H](O)C(=O)O,4.0,Completed,1.0,1.0,1.0,,4,4,20,32,1,1,37,25,no,no,0,1,1,1
CHEMBL1585,PIPOBROMAN,O=C(CCBr)N1CCN(C(=O)CCBr)CC1,,,,,1.0,,0,0,0,0,1,1,1,1,no,no,0,0,0,1
CHEMBL1614710,OSI-930,O=C(Nc1ccc(OC(F)(F)F)cc1)c1sccc1NCc1ccnc2ccccc12,1.0,Completed,1.0,1.0,,,1,1,20,20,0,0,21,21,no,no,0,1,1,0
CHEMBL1619,CLADRIBINE,Nc1nc(Cl)nc2c1ncn2[C@H]1C[C@H](O)[C@@H](CO)O1,,,,,1.0,,0,0,0,0,1,1,1,1,no,no,0,0,0,1
CHEMBL1637,GEMCITABINE HYDROCHLORIDE,Cl.Nc1ccn([C@@H]2O[C@H](CO)[C@@H](O)C2(F)F)c(=O)n1,4.0,,1.0,,1.0,,6,6,0,0,1,1,7,7,no,no,0,1,0,1
CHEMBL1643,RIBAVIRIN,NC(=O)c1ncn([C@@H]2O[C@H](CO)[C@@H](O)[C@H]2O)n1,,,,,1.0,,0,0,0,0,1,1,1,1,no,no,0,0,0,1
CHEMBL1650,CORTISONE ACETATE,CC(=O)OCC(=O)[C@@]1(O)CC[C@H]2[C@@H]3CCC4=CC(=O)CC[C@]4(C)[C@H]3C(=O)C[C@@]21C,,,,,1.0,,0,0,0,0,1,1,1,1,no,no,0,0,0,1
CHEMBL1652128,LB80380,CC(C)(C)C(=O)OCOP(=O)(COC1(Cn2cnc3cnc(N)nc32)CC1)OCOC(=O)C(C)(C)C,,,,,1.0,,0,0,0,0,1,1,1,1,no,no,0,0,0,1
CHEMBL1657,TAZAROTENE,CCOC(=O)c1ccc(C#Cc2ccc3c(c2)C(C)(C)CCS3)nc1,4.0,Completed,1.0,,1.0,,2,2,0,0,1,1,3,3,no,no,0,1,0,1
CHEMBL1676,FLUTICASONE FUROATE,C[C@@H]1C[C@H]2[C@@H]3C[C@H](F)C4=CC(=O)C=C[C@]4(C)[C@@]3(F)[C@@H](O)C[C@]2(C)[C@@]1(OC(=O)c1ccco1)C(=O)SCF,,,,,1.0,,0,0,0,0,1,1,1,1,no,no,0,0,0,1
CHEMBL1683,HYDROCORTISONE BUTYRATE,CCCC(=O)O[C@]1(C(=O)CO)CC[C@H]2[C@@H]3CCC4=CC(=O)CC[C@]4(C)[C@H]3[C@@H](O)C[C@@]21C,,,,,1.0,,0,0,0,0,1,1,1,1,no,no,0,0,0,1
CHEMBL1683544,ERIBULIN MESYLATE,C=C1C[C@@H]2CC[C@@]34C[C@H]5O[C@H]6[C@@H](O3)[C@H]3O[C@H](CC[C@@H]3O[C@H]6[C@H]5O4)CC(=O)C[C@@H]3[C@@H](OC)[C@@H](C[C@H](O)CN)O[C@H]3C[C@H]3O[C@@H](CC[C@@H]1O2)C[C@@H](C)C3=C.CS(=O)(=O)O,,,,,1.0,,0,0,0,0,1,1,1,1,no,no,0,0,0,1
CHEMBL1721885,SU-014813,Cc1[nH]c(/C=C2\C(=O)Nc3ccc(F)cc32)c(C)c1C(=O)NC[C@H](O)CN1CCOCC1,2.0,Completed,1.0,1.0,1.0,,4,4,20,32,1,1,37,25,no,no,0,1,1,1
CHEMBL1738757,REBASTINIB,CNC(=O)c1cc(Oc2ccc(NC(=O)Nc3cc(C(C)(C)C)nn3-c3ccc4ncccc4c3)c(F)c2)ccn1,,,,,1.0,,0,0,0,0,1,1,1,1,no,no,0,0,0,1
CHEMBL1738758,ONVANSERTIB,CN1CCN(c2ccc(OC(F)(F)F)c(Nc3ncc4c(n3)-c3c(c(C(N)=O)nn3CCO)CC4)c2)CC1,,,,,1.0,,0,0,0,0,1,1,1,1,no,no,0,0,0,1
CHEMBL1743049,OLARATUMAB,,4.0,,1.0,1.0,,,1,1,4,4,0,0,5,5,no,no,0,1,1,0
CHEMBL1766,DESOXIMETASONE,C[C@@H]1C[C@H]2[C@@H]3CCC4=CC(=O)C=C[C@]4(C)[C@@]3(F)[C@@H](O)C[C@]2(C)[C@H]1C(=O)CO,,,,,1.0,,0,0,0,0,1,1,1,1,no,no,0,0,0,1
CHEMBL1773,CAPECITABINE,CCCCCOC(=O)Nc1nc(=O)n([C@@H]2O[C@H](C)[C@@H](O)[C@H]2O)cc1F,,,,,1.0,,0,0,0,0,1,1,1,1,no,no,0,0,0,1
CHEMBL1789941,RUXOLITINIB,N#CC[C@H](C1CCCC1)n1cc(-c2ncnc3[nH]ccc23)cn1,4.0,,1.0,1.0,,,1,1,3,3,0,0,4,4,no,no,0,1,1,0
CHEMBL1795071,RUXOLITINIB PHOSPHATE,N#CC[C@H](C1CCCC1)n1cc(-c2ncnc3[nH]ccc23)cn1.O=P(O)(O)O,4.0,,1.0,1.0,,,1,1,3,3,0,0,4,4,no,no,0,1,1,0
CHEMBL180022,NERATINIB,CCOc1cc2ncc(C#N)c(Nc3ccc(OCc4ccccn4)c(Cl)c3)c2cc1NC(=O)/C=C/CN(C)C,,,,,1.0,,0,0,0,0,1,1,1,1,no,no,0,0,0,1
CHEMBL185,FLUOROURACIL,O=c1[nH]cc(F)c(=O)[nH]1,,,,,1.0,,0,0,0,0,1,1,1,1,no,no,0,0,0,1
CHEMBL188185,BUNAZOSIN,CCCC(=O)N1CCCN(c2nc(N)c3cc(OC)c(OC)cc3n2)CC1,,,,,1.0,,0,0,0,0,1,1,1,1,no,no,0,0,0,1
CHEMBL1908391,MASITINIB,Cc1ccc(NC(=O)c2ccc(CN3CCN(C)CC3)cc2)cc1Nc1nc(-c2cccnc2)cs1,4.0,,1.0,1.0,1.0,,3,3,20,28,1,1,32,24,no,no,0,1,1,1
CHEMBL1908397,KW-2449,O=C(c1ccc(/C=C/c2n[nH]c3ccccc23)cc1)N1CCNCC1,1.0,Terminated,1.0,1.0,,,1,1,4,4,0,0,5,5,no,no,0,1,1,0
CHEMBL1944698,ZOTIRACICLIB,CN1C/C=C/CCOc2cccc(c2)-c2ccnc(n2)Nc2cccc(c2)C1,1.0,Withdrawn,1.0,1.0,1.0,,2,2,6,7,1,1,10,9,no,no,0,1,1,1
CHEMBL1946170,REGORAFENIB,CNC(=O)c1cc(Oc2ccc(NC(=O)Nc3ccc(Cl)c(C(F)(F)F)c3)c(F)c2)ccn1,4.0,,1.0,1.0,1.0,,3,3,20,28,1,1,32,24,no,no,0,1,1,1
CHEMBL1947204,ALLITINIB,C=CC(=O)Nc1ccc2ncnc(Nc3ccc(OCc4cccc(F)c4)c(Cl)c3)c2c1,,,,,1.0,,0,0,0,0,1,1,1,1,no,no,0,0,0,1
CHEMBL1977579,STREPTOZOCIN,CN(N=O)C(=O)N[C@@H](C=O)[C@@H](O)[C@H](O)[C@H](O)CO,,,,,1.0,,0,0,0,0,1,1,1,1,no,no,0,0,0,1
CHEMBL1980297,ILORASERTIB,Nc1ncc(-c2cnn(CCO)c2)c2scc(-c3ccc(NC(=O)Nc4cccc(F)c4)cc3)c12,2.0,Terminated,1.0,1.0,1.0,,2,2,4,8,1,1,11,7,no,no,0,1,1,1
CHEMBL1980391,RG-1530,COc1cc2c(cc1F)C(c1ccccc1Cl)=Nc1c(n[nH]c1C)N2,1.0,Completed,1.0,1.0,,,2,2,4,8,0,0,10,6,no,no,0,1,1,0
CHEMBL2010872,CEP-11981,CC(C)Cn1c2ccc(Nc3ncccn3)cc2c2c3c(c4c(c21)CCc1nn(C)cc1-4)C(=O)NC3,,,,,1.0,,0,0,0,0,1,1,1,1,no,no,0,0,0,1
CHEMBL2021430,DEXAMETHASONE SODIUM PHOSPHATE,C[C@@H]1C[C@H]2[C@@H]3CCC4=CC(=O)C=C[C@]4(C)[C@@]3(F)[C@@H](O)C[C@]2(C)[C@@]1(O)C(=O)COP(=O)([O-])[O-].[Na+].[Na+],,,,,1.0,,0,0,0,0,1,1,1,1,no,no,0,0,0,1
CHEMBL2023895,HYDROXYSTILBAMIDINE ISETHIONATE,N=C(N)c1ccc(/C=C/c2ccc(C(=N)N)cc2O)cc1.O=S(=O)(O)CCO.O=S(=O)(O)CCO,,,,,1.0,,0,0,0,0,1,1,1,1,no,no,0,0,0,1
CHEMBL2029988,CEP-32496,COc1cc2ncnc(Oc3cccc(NC(=O)Nc4cc(C(C)(C)C(F)(F)F)on4)c3)c2cc1OC,,,,,1.0,,0,0,0,0,1,1,1,1,no,no,0,0,0,1
CHEMBL2035187,PACRITINIB,C1=N/C2=N/c3ccc(OCCN4CCCC4)c(c3)COC/C=C/COCc3cccc(c3)C(=C1)N2,4.0,,1.0,1.0,1.0,,2,2,6,7,1,1,10,9,no,no,0,1,1,1
CHEMBL2040682,CICLESONIDE,CC(C)C(=O)OCC(=O)[C@@]12O[C@H](C3CCCCC3)O[C@@H]1C[C@H]1[C@@H]3CCC4=CC(=O)C=C[C@]4(C)[C@H]3[C@@H](O)C[C@@]12C,,,,,1.0,,0,0,0,0,1,1,1,1,no,no,0,0,0,1
CHEMBL206834,BAFETINIB,Cc1ccc(NC(=O)c2ccc(CN3CC[C@H](N(C)C)C3)c(C(F)(F)F)c2)cc1Nc1nccc(-c2cncnc2)n1,,,,,1.0,,0,0,0,0,1,1,1,1,no,no,0,0,0,1
CHEMBL2079588,TELATINIB,CNC(=O)c1cc(COc2nnc(Nc3ccc(Cl)cc3)c3ccoc23)ccn1,2.0,Completed,1.0,1.0,1.0,,2,2,20,24,1,1,27,23,no,no,0,1,1,1
CHEMBL2087361,ICOTINIB,C#Cc1cccc(Nc2ncnc3cc4c(cc23)OCCOCCOCCO4)c1,,,,,1.0,,0,0,0,0,1,1,1,1,no,no,0,0,0,1
CHEMBL20883,TEGAFUR,O=c1[nH]c(=O)n(C2CCCO2)cc1F,,,,,1.0,,0,0,0,0,1,1,1,1,no,no,0,0,0,1
CHEMBL2095206,BOSUTINIB MONOHYDRATE,COc1cc(Nc2c(C#N)cnc3cc(OCCCN4CCN(C)CC4)c(OC)cc23)c(Cl)cc1Cl.O,,,,,1.0,,0,0,0,0,1,1,1,1,no,no,0,0,0,1
CHEMBL2096646,AMINOSALICYLATE SODIUM,Nc1ccc(C(=O)[O-])c(O)c1.O.O.[Na+],,,,,1.0,,0,0,0,0,1,1,1,1,no,no,0,0,0,1
CHEMBL2103743,TOFACITINIB CITRATE,C[C@@H]1CCN(C(=O)CC#N)C[C@@H]1N(C)c1ncnc2[nH]ccc12.O=C(O)CC(O)(CC(=O)O)C(=O)O,4.0,,1.0,1.0,,,1,1,3,3,0,0,4,4,no,no,0,1,1,0
CHEMBL2103796,BERUBICIN HYDROCHLORIDE,COc1cccc2c1C(=O)c1c(O)c3c(c(O)c1C2=O)C[C@@](O)(C(=O)CO)C[C@@H]3O[C@H]1C[C@H](N)[C@H](OCc2ccccc2)[C@H](C)O1.Cl,1.0,Terminated,1.0,,1.0,,1,1,0,0,1,1,2,2,no,no,0,1,0,1
CHEMBL2103830,FOSTAMATINIB,COc1cc(Nc2ncc(F)c(Nc3ccc4c(n3)N(COP(=O)(O)O)C(=O)C(C)(C)O4)n2)cc(OC)c1OC,,,,,1.0,,0,0,0,0,1,1,1,1,no,no,0,0,0,1
CHEMBL2103842,VARLITINIB,C[C@@H]1COC(Nc2ccc3ncnc(Nc4ccc(OCc5nccs5)c(Cl)c4)c3c2)=N1,,,,,1.0,,0,0,0,0,1,1,1,1,no,no,0,0,0,1
CHEMBL2103851,AMUVATINIB,S=C(NCc1ccc2c(c1)OCO2)N1CCN(c2ncnc3c2oc2ccccc23)CC1,2.0,Completed,1.0,1.0,1.0,,3,3,20,28,1,1,32,24,no,no,0,1,1,1
CHEMBL2103852,CROLIBULIN,COc1cc([C@H]2C(C#N)=C(N)Oc3c2ccc(N)c3N)cc(Br)c1OC,,,,,1.0,,0,0,0,0,1,1,1,1,no,no,0,0,0,1
CHEMBL2103868,CABOZANTINIB S-MALATE,COc1cc2nccc(Oc3ccc(NC(=O)C4(C(=O)Nc5ccc(F)cc5)CC4)cc3)c2cc1OC.O=C(O)C[C@H](O)C(=O)O,,,,,1.0,,0,0,0,0,1,1,1,1,no,no,0,0,0,1
CHEMBL2103876,MAPRACORAT,Cc1ccc2c(NC[C@](O)(CC(C)(C)c3cc(F)cc4c3OCC4)C(F)(F)F)cccc2n1,,,,,1.0,,0,0,0,0,1,1,1,1,no,no,0,0,0,1
CHEMBL2105629,VINFLUNINE DITARTRATE,CC[C@]12C=CCN3CC[C@@]4(c5cc([C@@]6(C(=O)OC)C[C@@H]7C[C@@H](C(C)(F)F)CN(Cc8c6[nH]c6ccccc86)C7)c(OC)cc5N(C)[C@H]4[C@@](O)(C(=O)OC)[C@@H]1OC(C)=O)[C@@H]32.O=C(O)C(O)C(O)C(=O)O.O=C(O)C(O)C(O)C(=O)O,,,,,1.0,,0,0,0,0,1,1,1,1,no,no,0,0,0,1
CHEMBL2105648,PALOVAROTENE,CC1(C)CCC(C)(C)c2cc(Cn3cccn3)c(/C=C/c3ccc(C(=O)O)cc3)cc21,4.0,,1.0,,,,1,1,0,0,0,0,1,1,no,no,0,1,0,0
CHEMBL2105665,ELACYTARABINE,CCCCCCCC/C=C/CCCCCCCC(=O)OC[C@H]1O[C@@H](n2ccc(N)nc2=O)[C@@H](O)[C@@H]1O,,,,,1.0,,0,0,0,0,1,1,1,1,no,no,0,0,0,1
CHEMBL2105681,SAPACITABINE,CCCCCCCCCCCCCCCC(=O)Nc1ccn([C@@H]2O[C@H](CO)[C@@H](O)[C@@H]2C#N)c(=O)n1,,,,,1.0,,0,0,0,0,1,1,1,1,no,no,0,0,0,1
CHEMBL2105704,LENVATINIB MESYLATE,COc1cc2nccc(Oc3ccc(NC(=O)NC4CC4)c(Cl)c3)c2cc1C(N)=O.CS(=O)(=O)O,,,,,1.0,,0,0,0,0,1,1,1,1,no,no,0,0,0,1
CHEMBL2105708,PONATINIB HYDROCHLORIDE,Cc1ccc(C(=O)Nc2ccc(CN3CCN(C)CC3)c(C(F)(F)F)c2)cc1C#Cc1cnc2cccnn12.Cl,,,,,1.0,,0,0,0,0,1,1,1,1,no,no,0,0,0,1
CHEMBL2105709,QUIZARTINIB DIHYDROCHLORIDE,CC(C)(C)c1cc(NC(=O)Nc2ccc(-c3cn4c(n3)sc3cc(OCCN5CCOCC5)ccc34)cc2)no1.Cl.Cl,,,,,1.0,,0,0,0,0,1,1,1,1,no,no,0,0,0,1
CHEMBL2105712,AFATINIB DIMALEATE,CN(C)C/C=C/C(=O)Nc1cc2c(Nc3ccc(F)c(Cl)c3)ncnc2cc1O[C@H]1CCOC1.O=C(O)/C=C\C(=O)O.O=C(O)/C=C\C(=O)O,,,,,1.0,,0,0,0,0,1,1,1,1,no,no,0,0,0,1
CHEMBL2105719,DACOMITINIB,COc1cc2ncnc(Nc3ccc(F)c(Cl)c3)c2cc1NC(=O)/C=C/CN1CCCCC1.O,,,,,1.0,,0,0,0,0,1,1,1,1,no,no,0,0,0,1
CHEMBL2105729,DABRAFENIB MESYLATE,CC(C)(C)c1nc(-c2cccc(NS(=O)(=O)c3c(F)cccc3F)c2F)c(-c2ccnc(N)n2)s1.CS(=O)(=O)O,,,,,1.0,,0,0,0,0,1,1,1,1,no,no,0,0,0,1
CHEMBL2105737,SONIDEGIB,Cc1c(C(=O)Nc2ccc(N3C[C@@H](C)O[C@@H](C)C3)nc2)cccc1-c1ccc(OC(F)(F)F)cc1,4.0,,1.0,,,,1,1,0,0,0,0,1,1,no,no,0,1,0,0
CHEMBL2105756,TIVOZANIB HYDROCHLORIDE,COc1cc2nccc(Oc3ccc(NC(=O)Nc4cc(C)on4)c(Cl)c3)c2cc1OC.Cl.O,4.0,,1.0,1.0,1.0,,2,2,20,24,1,1,27,23,no,no,0,1,1,1
CHEMBL2105759,BARICITINIB,CCS(=O)(=O)N1CC(CC#N)(n2cc(-c3ncnc4[nH]ccc34)cn2)C1,4.0,,1.0,1.0,,,1,1,3,3,0,0,4,4,no,no,0,1,1,0
CHEMBL2105842,CORTIVAZOL,CC(=O)OCC(=O)[C@@]1(O)[C@H](C)C[C@H]2[C@@H]3C=C(C)C4=Cc5c(cnn5-c5ccccc5)C[C@]4(C)[C@H]3[C@@H](O)C[C@@]21C,,,,,1.0,,0,0,0,0,1,1,1,1,no,no,0,0,0,1
CHEMBL2106309,HYDROCORTISONE ACEPONATE,CCC(=O)O[C@]1(C(=O)COC(C)=O)CC[C@H]2[C@@H]3CCC4=CC(=O)CC[C@]4(C)[C@H]3[C@@H](O)C[C@@]21C,,,,,1.0,,0,0,0,0,1,1,1,1,no,no,0,0,0,1
CHEMBL2106499,VALTORCITABINE,CC(C)[C@H](N)C(=O)O[C@@H]1C[C@@H](n2ccc(N)nc2=O)O[C@H]1CO,,,,,1.0,,0,0,0,0,1,1,1,1,no,no,0,0,0,1
CHEMBL2106643,MYCOPHENOLATE SODIUM,COc1c(C)c2c(c(O)c1C/C=C(\C)CCC(=O)[O-])C(=O)OC2.[Na+],,,,,1.0,,0,0,0,0,1,1,1,1,no,no,0,0,0,1
CHEMBL2107143,GLUFOSFAMIDE,O=P(NCCCl)(NCCCl)O[C@@H]1O[C@H](CO)[C@@H](O)[C@H](O)[C@H]1O,,,,,1.0,,0,0,0,0,1,1,1,1,no,no,0,0,0,1
CHEMBL2107186,RESOCORTOL BUTYRATE,CCCC(=O)O[C@]1(C(=O)CC)CC[C@H]2[C@@H]3CCC4=CC(=O)CC[C@]4(C)[C@H]3[C@@H](O)C[C@@]21C,,,,,1.0,,0,0,0,0,1,1,1,1,no,no,0,0,0,1
CHEMBL2107313,BECATECARIN,CCN(CC)CCN1C(=O)c2c(c3c4cccc(Cl)c4n([C@@H]4O[C@H](CO)[C@@H](OC)[C@H](O)[C@H]4O)c3c3[nH]c4c(Cl)cccc4c23)C1=O,3.0,Terminated,1.0,,1.0,,1,1,0,0,1,1,2,2,no,no,0,1,0,1
CHEMBL2107358,OBATOCLAX MESYLATE,COC1=CC(c2cc3ccccc3[nH]2)=N/C1=C\c1[nH]c(C)cc1C.CS(=O)(=O)O,,,,,1.0,,0,0,0,0,1,1,1,1,no,no,0,0,0,1
CHEMBL2107359,PAFURAMIDINE MALEATE,CONC(=N)c1ccc(-c2ccc(-c3ccc(C(=N)NOC)cc3)o2)cc1.O=C(O)/C=C\C(=O)O,,,,,1.0,,0,0,0,0,1,1,1,1,no,no,0,0,0,1
CHEMBL2107546,BUCINDOLOL HYDROCHLORIDE,CC(C)(Cc1c[nH]c2ccccc12)NCC(O)COc1ccccc1C#N.Cl,,,,,1.0,,0,0,0,0,1,1,1,1,no,no,0,0,0,1
CHEMBL2107759,MILATAXEL,CCC(=O)O[C@H]1C[C@H]2OC[C@@]2(OC(C)=O)C2[C@H](OC(=O)c3ccccc3)[C@]3(O)C[C@H](OC(=O)[C@H](O)[C@@H](CC(=O)OC(C)(C)C)c4ccco4)C(C)=C([C@@H](O)C(=O)[C@@]21C)C3(C)C,,,,,1.0,,0,0,0,0,1,1,1,1,no,no,0,0,0,1
CHEMBL2107818,ALDOXORUBICIN,COc1cccc2c1C(=O)c1c(O)c3c(c(O)c1C2=O)C[C@@](O)(/C(CO)=N/NC(=O)CCCCCN1C(=O)C=CC1=O)C[C@@H]3O[C@H]1C[C@H](N)[C@H](O)[C@H](C)O1,3.0,Completed,1.0,,1.0,,1,1,0,0,1,1,2,2,no,no,0,1,0,1
CHEMBL2107823,GANDOTINIB,Cc1cc(Nc2cc(CN3CCOCC3)c3nc(C)c(Cc4ccc(Cl)cc4F)n3n2)n[nH]1,2.0,"Active, not recruiting",1.0,1.0,,,1,1,3,3,0,0,4,4,no,no,0,1,1,0
CHEMBL2107856,IMETELSTAT,,3.0,Recruiting,1.0,,,,1,1,0,0,0,0,1,1,no,no,0,1,0,0
CHEMBL2108280,CENERSEN,,2.0,Completed,1.0,,,,1,1,0,0,0,0,1,1,no,no,0,1,0,0
CHEMBL2108585,CONTUSUGENE LADENOVEC,,2.0,Unknown status,1.0,,,,1,1,0,0,0,0,1,1,no,no,0,1,0,0
CHEMBL2108702,IMETELSTAT SODIUM,,2.0,Completed,1.0,,,,1,1,0,0,0,0,1,1,no,no,0,1,0,0
CHEMBL2109328,IMC-EB10,,1.0,Terminated,1.0,1.0,,,1,1,4,4,0,0,5,5,no,no,0,1,1,0
CHEMBL2110367,TRIMETHOPRIM SULFATE,COc1cc(Cc2cnc(N)nc2N)cc(OC)c1OC.COc1cc(Cc2cnc(N)nc2N)cc(OC)c1OC.O=S(=O)(O)O,,,,,1.0,,0,0,0,0,1,1,1,1,no,no,0,0,0,1
CHEMBL2110580,BERUBICIN,COc1cccc2c1C(=O)c1c(O)c3c(c(O)c1C2=O)C[C@@](O)(C(=O)CO)C[C@@H]3O[C@H]1C[C@H](N)[C@H](OCc2ccccc2)[C@H](C)O1,2.0,"Active, not recruiting",1.0,,,,1,1,0,0,0,0,1,1,no,no,0,1,0,0
CHEMBL2110725,VINFLUNINE,CC[C@]12C=CCN3CC[C@@]4(c5cc([C@@]6(C(=O)OC)C[C@@H]7C[C@@H](C(C)(F)F)CN(Cc8c6[nH]c6ccccc86)C7)c(OC)cc5N(C)[C@H]4[C@@](O)(C(=O)OC)[C@@H]1OC(C)=O)[C@@H]32,,,,,1.0,,0,0,0,0,1,1,1,1,no,no,0,0,0,1
CHEMBL2110732,DACOMITINIB ANHYDROUS,COc1cc2ncnc(Nc3ccc(F)c(Cl)c3)c2cc1NC(=O)/C=C/CN1CCCCC1,,,,,1.0,,0,0,0,0,1,1,1,1,no,no,0,0,0,1
CHEMBL2111086,CANFOSFAMIDE,N[C@@H](CCC(=O)N[C@@H](CS(=O)(=O)CCOP(=O)(N(CCCl)CCCl)N(CCCl)CCCl)C(=O)N[C@@H](C(=O)O)c1ccccc1)C(=O)O,,,,,1.0,,0,0,0,0,1,1,1,1,no,no,0,0,0,1
CHEMBL2142592,TALADEGIB,CN(C(=O)c1ccc(F)cc1C(F)(F)F)C1CCN(c2nnc(-c3ccnn3C)c3ccccc23)CC1,2.0,"Active, not recruiting",1.0,,1.0,,1,1,0,0,1,1,2,2,no,no,0,1,0,1
CHEMBL2170582,R-343,CNC(=O)COc1cccc(Nc2ncc(F)c(Nc3ccc4c(c3)NC(=O)C(F)(F)O4)n2)c1,,,,,1.0,,0,0,0,0,1,1,1,1,no,no,0,0,0,1
CHEMBL217092,SARACATINIB,CN1CCN(CCOc2cc(OC3CCOCC3)c3c(Nc4c(Cl)ccc5c4OCO5)ncnc3c2)CC1,,,,,1.0,,0,0,0,0,1,1,1,1,no,no,0,0,0,1
CHEMBL2180604,TAK-593,Cc1cc(C(=O)Nc2cc(Oc3ccc4nc(NC(=O)C5CC5)cn4n3)ccc2C)n(C)n1,1.0,Completed,1.0,1.0,,,2,2,4,8,0,0,10,6,no,no,0,1,1,0
CHEMBL22,TRIMETHOPRIM,COc1cc(Cc2cnc(N)nc2N)cc(OC)c1OC,,,,,1.0,,0,0,0,0,1,1,1,1,no,no,0,0,0,1
CHEMBL2205230,TAK-441,CCc1cc2c(c(OCC(F)(F)F)c(C(=O)NC3CCN(C(=O)CO)CC3)n2C)c(=O)n1CC(=O)c1ccccc1,1.0,Completed,1.0,,,,1,1,0,0,0,0,1,1,no,no,0,1,0,0
CHEMBL2205807,ABAMETAPIR,Cc1ccc(-c2ccc(C)cn2)nc1,,,,,1.0,,0,0,0,0,1,1,1,1,no,no,0,0,0,1
CHEMBL2218878,TRIMETREXATE GLUCURONATE,COc1cc(NCc2ccc3nc(N)nc(N)c3c2C)cc(OC)c1OC.O=C(O)[C@H]1O[C@H](O)[C@H](O)[C@@H](O)[C@@H]1O,,,,,1.0,,0,0,0,0,1,1,1,1,no,no,0,0,0,1
CHEMBL221959,TOFACITINIB,C[C@@H]1CCN(C(=O)CC#N)C[C@@H]1N(C)c1ncnc2[nH]ccc12,3.0,,1.0,1.0,,,1,1,3,3,0,0,4,4,no,no,0,1,1,0
CHEMBL2219776,CENERSEN SODIUM,,2.0,Terminated,1.0,,,,1,1,0,0,0,0,1,1,no,no,0,1,0,0
CHEMBL2220486,LUCITANIB,CNC(=O)c1cccc2cc(Oc3ccnc4cc(OCC5(N)CC5)c(OC)cc34)ccc12,,,,,1.0,,0,0,0,0,1,1,1,1,no,no,0,0,0,1
CHEMBL223360,LINIFANIB,Cc1ccc(F)c(NC(=O)Nc2ccc(-c3cccc4[nH]nc(N)c34)cc2)c1,3.0,Terminated,1.0,1.0,1.0,,3,3,4,12,1,1,16,8,no,no,0,1,1,1
CHEMBL225072,PEMETREXED,Nc1nc2[nH]cc(CCc3ccc(C(=O)N[C@@H](CCC(=O)O)C(=O)O)cc3)c2c(=O)[nH]1,,,,,1.0,,0,0,0,0,1,1,1,1,no,no,0,0,0,1
CHEMBL2316582,OLVEREMBATINIB,Cc1ccc(C(=O)Nc2ccc(CN3CCN(C)CC3)c(C(F)(F)F)c2)cc1C#Cc1cnc2[nH]ncc2c1,,,,,1.0,,0,0,0,0,1,1,1,1,no,no,0,0,0,1
CHEMBL2348780,VAMOROLONE,C[C@@H]1C[C@H]2[C@@H]3CCC4=CC(=O)C=C[C@]4(C)C3=CC[C@]2(C)[C@@]1(O)C(=O)CO,,,,,1.0,,0,0,0,0,1,1,1,1,no,no,0,0,0,1
CHEMBL2360464,PEMETREXED DISODIUM,Nc1nc2[nH]cc(CCc3ccc(C(=O)N[C@@H](CCC(=O)[O-])C(=O)[O-])cc3)c2c(=O)[nH]1.[Na+].[Na+],,,,,1.0,,0,0,0,0,1,1,1,1,no,no,0,0,0,1
CHEMBL2364605,CEBRANOPADOL,CN(C)[C@]1(c2ccccc2)CC[C@]2(CC1)OCCc1c3cc(F)ccc3[nH]c12,,,,,1.0,,0,0,0,0,1,1,1,1,no,no,0,0,0,1
CHEMBL2364628,RICOLINOSTAT,O=C(CCCCCCNC(=O)c1cnc(N(c2ccccc2)c2ccccc2)nc1)NO,,,,,1.0,,0,0,0,0,1,1,1,1,no,no,0,0,0,1
CHEMBL2364651,TOVETUMAB,,2.0,Completed,1.0,1.0,,,1,1,4,4,0,0,5,5,no,no,0,1,1,0
CHEMBL240163,PAZUFLOXACIN,C[C@H]1COc2c(C3(N)CC3)c(F)cc3c(=O)c(C(=O)O)cn1c23,3.0,,1.0,,1.0,,1,1,0,0,1,1,2,2,no,no,0,1,0,1
CHEMBL2403108,CERITINIB,Cc1cc(Nc2ncc(Cl)c(Nc3ccccc3S(=O)(=O)C(C)C)n2)c(OC(C)C)cc1C1CCNCC1,4.0,,1.0,,,,1,1,0,0,0,0,1,1,no,no,0,1,0,0
CHEMBL2408045,SAPITINIB,CNC(=O)CN1CCC(Oc2cc3c(Nc4cccc(Cl)c4F)ncnc3cc2OC)CC1,,,,,1.0,,0,0,0,0,1,1,1,1,no,no,0,0,0,1
CHEMBL245019,MIZORIBINE,NC(=O)c1ncn([C@@H]2O[C@H](CO)[C@@H](O)[C@H]2O)c1O,,,,,1.0,,0,0,0,0,1,1,1,1,no,no,0,0,0,1
CHEMBL24828,VANDETANIB,COc1cc2/c(=N/c3ccc(Br)cc3F)nc[nH]c2cc1OCC1CCN(C)CC1,,,,,1.0,,0,0,0,0,1,1,1,1,no,no,0,0,0,1
CHEMBL25202,TAMIBAROTENE,CC1(C)CCC(C)(C)c2cc(NC(=O)c3ccc(C(=O)O)cc3)ccc21,3.0,Recruiting,1.0,,,,1,1,0,0,0,0,1,1,no,no,0,1,0,0
CHEMBL25336,BISANTRENE,C(=N/NC1=NCCN1)\c1c2ccccc2c(/C=N/NC2=NCCN2)c2ccccc12,,,,,1.0,,0,0,0,0,1,1,1,1,no,no,0,0,0,1
CHEMBL253969,OSI-632,NC(=O)c1c(OCc2c(F)cc(Br)cc2F)nsc1NC(=O)NCCCCN1CCCC1,,,,,1.0,,0,0,0,0,1,1,1,1,no,no,0,0,0,1
CHEMBL258940,FALNIDAMOL,CN1CCC(Nc2ncc3ncnc(Nc4ccc(F)c(Cl)c4)c3n2)CC1,,,,,1.0,,0,0,0,0,1,1,1,1,no,no,0,0,0,1
CHEMBL260046,EVOFOSFAMIDE,Cn1c(COP(=O)(NCCBr)NCCBr)cnc1[N+](=O)[O-],,,,,1.0,,0,0,0,0,1,1,1,1,no,no,0,0,0,1
CHEMBL270995,BRIVANIB ALANINATE,Cc1cc2c(F)c(Oc3ncnn4cc(OC[C@@H](C)OC(=O)[C@H](C)N)c(C)c34)ccc2[nH]1,,,,,1.0,,0,0,0,0,1,1,1,1,no,no,0,0,0,1
CHEMBL272980,MOCETINOSTAT,Nc1ccccc1NC(=O)c1ccc(CNc2nccc(-c3cccnc3)n2)cc1,,,,,1.0,,0,0,0,0,1,1,1,1,no,no,0,0,0,1
CHEMBL274654,ORANTINIB,Cc1[nH]c(/C=C2\C(=O)Nc3ccccc32)c(C)c1CCC(=O)O,3.0,Terminated,1.0,1.0,1.0,,2,2,4,8,1,1,11,7,no,no,0,1,1,1
CHEMBL276711,SEMAXANIB,Cc1cc(C)c(/C=C2\C(=O)Nc3ccccc32)[nH]1,3.0,Completed,1.0,1.0,1.0,,1,1,20,20,1,1,22,22,no,no,0,1,1,1
CHEMBL288441,BOSUTINIB,COc1cc(Nc2c(C#N)cnc3cc(OCCCN4CCN(C)CC4)c(OC)cc23)c(Cl)cc1Cl,,,,,1.0,,0,0,0,0,1,1,1,1,no,no,0,0,0,1
CHEMBL289351,FOSBRETABULIN DISODIUM,COc1ccc(/C=C\c2cc(OC)c(OC)c(OC)c2)cc1OP(=O)([O-])[O-].[Na+].[Na+],,,,,1.0,,0,0,0,0,1,1,1,1,no,no,0,0,0,1
CHEMBL290960,NIFURTIMOX,CC1CS(=O)(=O)CCN1/N=C/c1ccc([N+](=O)[O-])o1,,,,,1.0,,0,0,0,0,1,1,1,1,no,no,0,0,0,1
CHEMBL298734,LONAFARNIB,NC(=O)N1CCC(CC(=O)N2CCC([C@H]3c4ncc(Br)cc4CCc4cc(Cl)cc(Br)c43)CC2)CC1,,,,,1.0,,0,0,0,0,1,1,1,1,no,no,0,0,0,1
CHEMBL3039504,NINTEDANIB ESYLATE,CCS(=O)(=O)O.COC(=O)c1ccc2c(c1)NC(=O)/C2=C(\Nc1ccc(N(C)C(=O)CN2CCN(C)CC2)cc1)c1ccccc1,4.0,,1.0,1.0,1.0,,2,2,4,8,1,1,11,7,no,no,0,1,1,1
CHEMBL3039525,GOLVATINIB,CN1CCN(C2CCN(C(=O)Nc3cc(Oc4ccc(NC(=O)C5(C(=O)Nc6ccc(F)cc6)CC5)c(F)c4)ccn3)CC2)CC1,,,,,1.0,,0,0,0,0,1,1,1,1,no,no,0,0,0,1
CHEMBL3125702,NAVTEMADLIN,CC(C)[C@@H](CS(=O)(=O)C(C)C)N1C(=O)[C@@](C)(CC(=O)O)C[C@H](c2cccc(Cl)c2)[C@H]1c1ccc(Cl)cc1,2.0,Recruiting,1.0,,1.0,,1,1,0,0,1,1,2,2,no,no,0,1,0,1
CHEMBL3133037,LEQ506,Cc1c(Cc2ccccc2)nnc(N2CCN(c3cnc(C(C)(C)O)cn3)[C@H](C)C2)c1C,1.0,Completed,1.0,,,,1,1,0,0,0,0,1,1,no,no,0,1,0,0
CHEMBL3137308,PEFICITINIB,NC(=O)c1cnc2[nH]ccc2c1N[C@@H]1[C@@H]2CC3C[C@H]1C[C@@](O)(C3)C2,3.0,,1.0,1.0,,,1,1,3,3,0,0,4,4,no,no,0,1,1,0
CHEMBL3137310,BENZHYDROCODONE HYDROCHLORIDE,COc1ccc2c3c1O[C@H]1C(OC(=O)c4ccccc4)=CC[C@@H]4[C@@H](C2)N(C)CC[C@@]341.Cl,,,,,1.0,,0,0,0,0,1,1,1,1,no,no,0,0,0,1
CHEMBL3137317,SONIDEGIB PHOSPHATE,Cc1c(C(=O)Nc2ccc(N3C[C@@H](C)O[C@@H](C)C3)nc2)cccc1-c1ccc(OC(F)(F)F)cc1.O=P(O)(O)O.O=P(O)(O)O,4.0,,1.0,,,,1,1,0,0,0,0,1,1,no,no,0,1,0,0
CHEMBL3186011,EPRENETAPOPT,COCC1(CO)C(=O)C2CCN1CC2,3.0,Completed,1.0,,,,1,1,0,0,0,0,1,1,no,no,0,1,0,0
CHEMBL3244648,METHOTREXATE SODIUM,CN(Cc1cnc2nc(N)nc(N)c2n1)c1ccc(C(=O)N[C@@H](CCC(=O)[O-])C(=O)[O-])cc1.[Na+].[Na+],,,,,1.0,,0,0,0,0,1,1,1,1,no,no,0,0,0,1
CHEMBL3287735,GSK2816126,CC[C@H](C)n1cc(C)c2c(C(=O)NCc3c(C)cc(C)[nH]c3=O)cc(-c3ccc(N4CCNCC4)nc3)cc21,1.0,Terminated,1.0,,,,1,1,0,0,0,0,1,1,no,no,0,1,0,0
CHEMBL3301607,FILGOTINIB,O=C(Nc1nc2cccc(-c3ccc(CN4CCS(=O)(=O)CC4)cc3)n2n1)C1CC1,3.0,Completed,1.0,1.0,,,1,1,3,3,0,0,4,4,no,no,0,1,1,0
CHEMBL3301612,ENCORAFENIB,COC(=O)N[C@@H](C)CNc1nccc(-c2cn(C(C)C)nc2-c2cc(Cl)cc(NS(C)(=O)=O)c2F)n1,,,,,1.0,,0,0,0,0,1,1,1,1,no,no,0,0,0,1
CHEMBL3349001,AVN-944,CC[C@H](CC#N)OC(=O)N[C@@H](C)c1cccc(NC(=O)Nc2ccc(-c3cnco3)c(OC)c2)c1,,,,,1.0,,0,0,0,0,1,1,1,1,no,no,0,0,0,1
CHEMBL3353410,OSIMERTINIB,C=CC(=O)Nc1cc(Nc2nccc(-c3cn(C)c4ccccc34)n2)c(OC)cc1N(C)CCN(C)C,,,,,1.0,,0,0,0,0,1,1,1,1,no,no,0,0,0,1
CHEMBL338604,C-1311,CCN(CC)CCNc1ccc2ncn3c4ccc(O)cc4c(=O)c1c23,,,,,1.0,,0,0,0,0,1,1,1,1,no,no,0,0,0,1
CHEMBL3414621,TAZEMETOSTAT,CCN(c1cc(-c2ccc(CN3CCOCC3)cc2)cc(C(=O)NCc2c(C)cc(C)[nH]c2=O)c1C)C1CCOCC1,4.0,,1.0,,,,1,1,0,0,0,0,1,1,no,no,0,1,0,0
CHEMBL348475,TARIQUIDAR,COc1cc2c(cc1OC)CN(CCc1ccc(NC(=O)c3cc(OC)c(OC)cc3NC(=O)c3cnc4ccccc4c3)cc1)CC2,,,,,1.0,,0,0,0,0,1,1,1,1,no,no,0,0,0,1
CHEMBL350775,BIRICODAR,COc1cc(C(=O)C(=O)N2CCCC[C@H]2C(=O)OC(CCCc2cccnc2)CCCc2cccnc2)cc(OC)c1OC,,,,,1.0,,0,0,0,0,1,1,1,1,no,no,0,0,0,1
CHEMBL3544910,MOTEXAFIN GADOLINIUM,,,,,,1.0,,0,0,0,0,1,1,1,1,no,no,0,0,0,1
CHEMBL3544983,TESEVATINIB,COc1cc2c(Nc3ccc(Cl)c(Cl)c3F)ncnc2cc1OC[C@@H]1C[C@@H]2CN(C)C[C@@H]2C1,,,,,1.0,,0,0,0,0,1,1,1,1,no,no,0,0,0,1
CHEMBL3545027,XL-281,COC(=O)Nc1nc2cc(C3(O)c4ccccc4C(=O)N3c3cc(Cl)ccc3C)ccc2[nH]1,,,,,1.0,,0,0,0,0,1,1,1,1,no,no,0,0,0,1
CHEMBL3545063,OSIMERTINIB MESYLATE,C=CC(=O)Nc1cc(Nc2nccc(-c3cn(C)c4ccccc34)n2)c(OC)cc1N(C)CCN(C)C.CS(=O)(=O)O,,,,,1.0,,0,0,0,0,1,1,1,1,no,no,0,0,0,1
CHEMBL3545155,JI-101,COc1ccc(Br)cc1NC(=O)Nc1cccc2c1ccn2Cc1ccnc(N)c1,1.0,Completed,1.0,1.0,1.0,,1,1,4,4,1,1,6,6,no,no,0,1,1,1
CHEMBL3545215,BMS-911543,CCn1c(C(=O)N(C2CC2)C2CC2)cc2c3c(ncn3C)c(Nc3cc(C)n(C)n3)nc21,1.0,Terminated,1.0,1.0,,,1,1,3,3,0,0,4,4,no,no,0,1,1,0
CHEMBL3545235,SIMOTINIB,COc1cc2ncnc(Nc3ccc(F)c(Cl)c3)c2cc1OCCN1CC2(CC2)C2(C1)OCCO2,,,,,1.0,,0,0,0,0,1,1,1,1,no,no,0,0,0,1
CHEMBL3545241,AC-430,Cc1cc(Nc2nc(C(O)c3ccc(F)cc3)nc3ccccc23)n[nH]1,1.0,Completed,1.0,1.0,,,1,1,3,3,0,0,4,4,no,no,0,1,1,0
CHEMBL3545252,DOCETAXEL,CC(=O)O[C@@]12CO[C@@H]1C[C@H](O)[C@@]1(C)C(=O)[C@H](O)C3=C(C)[C@@H](OC(=O)[C@H](O)[C@@H](NC(=O)OC(C)(C)C)c4ccccc4)C[C@@](O)([C@@H](OC(=O)c4ccccc4)[C@H]21)C3(C)C.O.O.O,,,,,1.0,,0,0,0,0,1,1,1,1,no,no,0,0,0,1
CHEMBL3545308,ROCILETINIB,C=CC(=O)Nc1cccc(Nc2nc(Nc3ccc(N4CCN(C(C)=O)CC4)cc3OC)ncc2C(F)(F)F)c1,,,,,1.0,,0,0,0,0,1,1,1,1,no,no,0,0,0,1
CHEMBL3545311,BRIGATINIB,COc1cc(N2CCC(N3CCN(C)CC3)CC2)ccc1Nc1ncc(Cl)c(Nc2ccccc2P(C)(C)=O)n1,,,,,1.0,,0,0,0,0,1,1,1,1,no,no,0,0,0,1
CHEMBL3545316,RINUCUMAB,,2.0,Terminated,1.0,1.0,,,1,1,4,4,0,0,5,5,no,no,0,1,1,0
CHEMBL3545328,XL-019,O=C(Nc1ccc(-c2ccnc(Nc3ccc(N4CCOCC4)cc3)n2)cc1)C1CCCN1,1.0,Terminated,1.0,1.0,,,1,1,3,3,0,0,4,4,no,no,0,1,1,0
CHEMBL3545335,AG-13958,Cc1cc(C(=O)Nc2cc(Nc3ccc4c(/C=C/c5ccccn5)n[nH]c4c3)ccc2F)n(C)n1,,,,,1.0,,0,0,0,0,1,1,1,1,no,no,0,0,0,1
CHEMBL3545365,ALTIRATINIB,O=C(Nc1cc(Oc2cc(F)c(NC(=O)C3(C(=O)Nc4ccc(F)cc4)CC3)cc2F)ccn1)C1CC1,,,,,1.0,,0,0,0,0,1,1,1,1,no,no,0,0,0,1
CHEMBL3545396,BMS-690514,COc1cccc(Nc2ncnn3ccc(CN4CC[C@@H](N)[C@H](O)C4)c23)c1,,,,,1.0,,0,0,0,0,1,1,1,1,no,no,0,0,0,1
CHEMBL3545401,X-82,,2.0,Terminated,1.0,1.0,,,2,2,4,8,0,0,10,6,no,no,0,1,1,0
CHEMBL3545402,XL-820,,2.0,Completed,1.0,1.0,,,3,3,20,28,0,0,31,23,no,no,0,1,1,0
CHEMBL3545403,BMS-833923,CNCc1ccc(C)c(NC(=O)c2ccc(Nc3nc(-c4ccccc4)c4ccccc4n3)cc2)c1,2.0,Terminated,1.0,,1.0,,1,1,0,0,1,1,2,2,no,no,0,1,0,1
CHEMBL3545413,FLUMATINIB,Cc1ncc(NC(=O)c2ccc(CN3CCN(C)CC3)c(C(F)(F)F)c2)cc1Nc1nccc(-c2cccnc2)n1,,,,,1.0,,0,0,0,0,1,1,1,1,no,no,0,0,0,1
CHEMBL3545414,RIVOCERANIB MESYLATE,CS(=O)(=O)O.N#CC1(c2ccc(NC(=O)c3cccnc3NCc3ccncc3)cc2)CCCC1,,,,,1.0,,0,0,0,0,1,1,1,1,no,no,0,0,0,1
CHEMBL3545427,CM-082,,3.0,Unknown status,1.0,1.0,,,3,3,20,28,0,0,31,23,no,no,0,1,1,0
CHEMBL359164,TROXACITABINE,Nc1ccn([C@@H]2CO[C@H](CO)O2)c(=O)n1,2.0,Terminated,1.0,,1.0,,6,6,0,0,1,1,7,7,no,no,0,1,0,1
CHEMBL36,PYRIMETHAMINE,CCc1nc(N)nc(N)c1-c1ccc(Cl)cc1,,,,,1.0,,0,0,0,0,1,1,1,1,no,no,0,0,0,1
CHEMBL361506,PENTAMIDINE ISETHIONATE,N=C(N)c1ccc(OCCCCCOc2ccc(C(=N)N)cc2)cc1.O=S(=O)(O)CCO.O=S(=O)(O)CCO,,,,,1.0,,0,0,0,0,1,1,1,1,no,no,0,0,0,1
CHEMBL3622821,UPADACITINIB,CC[C@@H]1CN(C(=O)NCC(F)(F)F)C[C@@H]1c1cnc2cnc3[nH]ccc3n12,3.0,"Active, not recruiting",1.0,1.0,,,1,1,3,3,0,0,4,4,no,no,0,1,1,0
CHEMBL3623290,AZD-3759,COc1cc2ncnc(Nc3cccc(Cl)c3F)c2cc1OC(=O)N1CCN(C)C[C@H]1C,,,,,1.0,,0,0,0,0,1,1,1,1,no,no,0,0,0,1
CHEMBL3644252,ARRY-382,Cc1cccc(Cn2nc(C3CC3)c3c(NC(=O)c4cnc5cc(OCCN6CCN(C)CC6)ccn45)cccc32)n1,,,,,1.0,,0,0,0,0,1,1,1,1,no,no,0,0,0,1
CHEMBL3647420,PYROTINIB,CCOc1cc2ncc(C#N)c(Nc3ccc(OCc4ccccn4)c(Cl)c3)c2cc1NC(=O)/C=C/[C@H]1CCCN1C,,,,,1.0,,0,0,0,0,1,1,1,1,no,no,0,0,0,1
CHEMBL3653256,SIREMADLIN,COc1ncc(-c2nc3c(n2C(C)C)[C@H](c2ccc(Cl)cc2)N(c2cc(Cl)cn(C)c2=O)C3=O)c(OC)n1,2.0,Recruiting,1.0,,1.0,,1,1,0,0,1,1,2,2,no,no,0,1,0,1
CHEMBL3663929,NAQUOTINIB,C=CC(=O)N1CC[C@@H](Oc2nc(Nc3ccc(N4CCC(N5CCN(C)CC5)CC4)cc3)c(C(N)=O)nc2CC)C1,,,,,1.0,,0,0,0,0,1,1,1,1,no,no,0,0,0,1
CHEMBL3674570,EDICOTINIB,CC1(C)CC=C(c2nc(C3CC(C)(C)OC(C)(C)C3)ccc2NC(=O)c2nc(C#N)c[nH]2)CC1,,,,,1.0,,0,0,0,0,1,1,1,1,no,no,0,0,0,1
CHEMBL3707313,TRIFAROTENE,CC(C)(C)c1cc(-c2cc(-c3ccc(C(=O)O)cc3)ccc2OCCO)ccc1N1CCCC1,4.0,,1.0,,,,1,1,0,0,0,0,1,1,no,no,0,1,0,0
CHEMBL3707320,ALECTINIB HYDROCHLORIDE,CCc1cc2c(cc1N1CCC(N3CCOCC3)CC1)C(C)(C)c1[nH]c3cc(C#N)ccc3c1C2=O.Cl,,,,,1.0,,0,0,0,0,1,1,1,1,no,no,0,0,0,1
CHEMBL3707446,RIVIPANSEL,C[C@@H]1O[C@@H](O[C@@H]2[C@@H](NC(=O)c3cc(=O)[nH]c(=O)[nH]3)C[C@@H](C(=O)NCCNC(=O)COCCOCC(=O)Nc3cc(S(=O)(=O)O)cc4cc(S(=O)(=O)O)cc(S(=O)(=O)O)c34)C[C@H]2O[C@@H]2O[C@H](CO)[C@H](O)[C@H](O[C@@H](CC3CCCCC3)C(=O)O)[C@H]2OC(=O)c2ccccc2)[C@@H](O)[C@H](O)[C@@H]1O,,,,,1.0,,0,0,0,0,1,1,1,1,no,no,0,0,0,1
CHEMBL377300,BRIVANIB,Cc1cc2c(F)c(Oc3ncnn4cc(OC[C@@H](C)O)c(C)c34)ccc2[nH]1,,,,,1.0,,0,0,0,0,1,1,1,1,no,no,0,0,0,1
CHEMBL378544,VINBLASTINE SULFATE,CC[C@]1(O)C[C@@H]2CN(CCc3c([nH]c4ccccc34)[C@@](C(=O)OC)(c3cc4c(cc3OC)N(C)[C@H]3[C@@](O)(C(=O)OC)[C@H](OC(C)=O)[C@]5(CC)C=CCN6CC[C@]43[C@@H]65)C2)C1.O=S(=O)(O)O,,,,,1.0,,0,0,0,0,1,1,1,1,no,no,0,0,0,1
CHEMBL3786098,PF-06459988,C=CC(=O)N1C[C@H](COc2nc(Nc3cnn(C)c3)nc3[nH]cc(Cl)c23)[C@@H](OC)C1,,,,,1.0,,0,0,0,0,1,1,1,1,no,no,0,0,0,1
CHEMBL3786343,OLMUTINIB,C=CC(=O)Nc1cccc(Oc2nc(Nc3ccc(N4CCN(C)CC4)cc3)nc3ccsc23)c1,,,,,1.0,,0,0,0,0,1,1,1,1,no,no,0,0,0,1
CHEMBL3787344,NAZARTINIB,Cc1cc(C(=O)Nc2nc3cccc(Cl)c3n2[C@@H]2CCCCN(C(=O)/C=C/CN(C)C)C2)ccn1,,,,,1.0,,0,0,0,0,1,1,1,1,no,no,0,0,0,1
CHEMBL3809489,BEMCENTINIB,Nc1nc(Nc2ccc3c(c2)CC[C@@H](N2CCCC2)CC3)nn1-c1cc2c(nn1)-c1ccccc1CCC2,,,,,1.0,,0,0,0,0,1,1,1,1,no,no,0,0,0,1
CHEMBL3813873,PEXIDARTINIB,FC(F)(F)c1ccc(CNc2ccc(Cc3c[nH]c4ncc(Cl)cc34)cn2)cn1,4.0,,1.0,1.0,1.0,,2,2,20,24,1,1,27,23,no,no,0,1,1,1
CHEMBL3833344,GANCOTAMAB,,2.0,Terminated,1.0,,,,1,1,0,0,0,0,1,1,no,no,0,1,0,0
CHEMBL3833389,DEXTROMORAMIDE,C[C@@H](CC(C(=O)N1CCCC1)(c1ccccc1)c1ccccc1)N1CCOCC1,,,,,1.0,,0,0,0,0,1,1,1,1,no,no,0,0,0,1
CHEMBL39541,DOLASTATIN-10,CC[C@H](C)[C@@H]([C@@H](CC(=O)N1CCC[C@H]1[C@H](OC)[C@@H](C)C(=O)N[C@@H](Cc1ccccc1)c1nccs1)OC)N(C)C(=O)[C@@H](NC(=O)[C@H](C(C)C)N(C)C)C(C)C,,,,,1.0,,0,0,0,0,1,1,1,1,no,no,0,0,0,1
CHEMBL39677,ACRIDINE,c1ccc2nc3ccccc3cc2c1,,,,,1.0,,0,0,0,0,1,1,1,1,no,no,0,0,0,1
CHEMBL3984441,NINGETINIB,Cc1c(C(=O)Nc2ccc(Oc3ccnc4cc(OCC(C)(C)O)ccc34)c(F)c2)c(=O)n(-c2ccccc2)n1C,2.0,Terminated,1.0,1.0,1.0,,1,1,4,4,1,1,6,6,no,no,0,1,1,1
CHEMBL3986824,LANRAPLENIB,Nc1cncc(-c2cn3ccnc3c(Nc3ccc(N4CCN(C5COC5)CC4)cc3)n2)n1,,,,,1.0,,0,0,0,0,1,1,1,1,no,no,0,0,0,1
CHEMBL3989496,TEZACITABINE,Nc1ccn([C@@H]2O[C@H](CO)[C@@H](O)/C2=C\F)c(=O)n1.O,,,,,1.0,,0,0,0,0,1,1,1,1,no,no,0,0,0,1
CHEMBL3989512,SOBLIDOTIN,CC[C@H](C)[C@@H]([C@@H](CC(=O)N1CCC[C@H]1[C@H](OC)[C@@H](C)C(=O)NCCc1ccccc1)OC)N(C)C(=O)[C@@H](NC(=O)[C@H](C(C)C)N(C)C)C(C)C,,,,,1.0,,0,0,0,0,1,1,1,1,no,no,0,0,0,1
CHEMBL3989516,FOSTAMATINIB DISODIUM,COc1cc(Nc2ncc(F)c(Nc3ccc4c(n3)N(COP(=O)([O-])[O-])C(=O)C(C)(C)O4)n2)cc(OC)c1OC.O.O.O.O.O.O.[Na+].[Na+],,,,,1.0,,0,0,0,0,1,1,1,1,no,no,0,0,0,1
CHEMBL3989562,TERAZOSIN HYDROCHLORIDE,COc1cc2nc(N3CCN(C(=O)C4CCCO4)CC3)nc(N)c2cc1OC.Cl.O.O,,,,,1.0,,0,0,0,0,1,1,1,1,no,no,0,0,0,1
CHEMBL3989677,HYDROCODONE BITARTRATE,COc1ccc2c3c1O[C@H]1C(=O)CC[C@H]4[C@@H](C2)N(C)CC[C@]314.O.O.O=C(O)C(O)C(O)C(=O)O,,,,,1.0,,0,0,0,0,1,1,1,1,no,no,0,0,0,1
CHEMBL3989825,CYCLOGUANIL PAMOATE,CC1(C)N=C(N)N=C(N)N1c1ccc(Cl)cc1.CC1(C)N=C(N)N=C(N)N1c1ccc(Cl)cc1.O=C(O)c1cc2ccccc2c(Cc2c(O)c(C(=O)O)cc3ccccc23)c1O,,,,,1.0,,0,0,0,0,1,1,1,1,no,no,0,0,0,1
CHEMBL3989869,UMBRALISIB TOSYLATE,CC(C)Oc1ccc(-c2nn([C@@H](C)c3oc4ccc(F)cc4c(=O)c3-c3cccc(F)c3)c3ncnc(N)c23)cc1F.Cc1ccc(S(=O)(=O)O)cc1,,,,,1.0,,0,0,0,0,1,1,1,1,no,no,0,0,0,1
CHEMBL3989908,ENASIDENIB,CC(C)(O)CNc1nc(Nc2ccnc(C(F)(F)F)c2)nc(-c2cccc(C(F)(F)F)n2)n1,3.0,Completed,1.0,,,,1,1,0,0,0,0,1,1,no,no,0,1,0,0
CHEMBL3989914,GLESATINIB,COCCNCc1ccc(-c2cc3nccc(Oc4ccc(NC(=S)NC(=O)Cc5ccc(F)cc5)cc4F)c3s2)nc1,,,,,1.0,,0,0,0,0,1,1,1,1,no,no,0,0,0,1
CHEMBL3989921,NERATINIB MALEATE,CCOc1cc2ncc(C#N)c(Nc3ccc(OCc4ccccn4)c(Cl)c3)c2cc1NC(=O)/C=C/CN(C)C.O=C(O)/C=C\C(=O)O,,,,,1.0,,0,0,0,0,1,1,1,1,no,no,0,0,0,1
CHEMBL3989962,PEMETREXED TROMETHAMINE,NC(CO)(CO)CO.NC(CO)(CO)CO.Nc1nc(=O)c2c(CCc3ccc(C(=O)N[C@@H](CCC(=O)O)C(=O)O)cc3)c[nH]c2[nH]1.O.O,,,,,1.0,,0,0,0,0,1,1,1,1,no,no,0,0,0,1
CHEMBL3989970,MAVELERTINIB,C=CC(=O)N[C@@H]1CN(c2nc(Nc3cn(C)nc3OC)c3ncn(C)c3n2)C[C@H]1F,,,,,1.0,,0,0,0,0,1,1,1,1,no,no,0,0,0,1
CHEMBL3989973,PEXIDARTINIB HYDROCHLORIDE,Cl.FC(F)(F)c1ccc(CNc2ccc(Cc3c[nH]c4ncc(Cl)cc34)cn2)cn1,4.0,,1.0,1.0,1.0,,2,2,20,24,1,1,27,23,no,no,0,1,1,1
CHEMBL403989,TG100-801,Cc1cc(-c2cc(OC(=O)c3ccccc3)ccc2Cl)cc2nnc(Nc3ccc(OCCN4CCCC4)cc3)nc12,2.0,Terminated,1.0,1.0,1.0,,1,1,4,4,1,1,6,6,no,no,0,1,1,1
CHEMBL4080062,BFH-772,O=C(Nc1cccc(C(F)(F)F)c1)c1cccc2cc(Oc3cc(CO)ncn3)ccc12,,,,,1.0,,0,0,0,0,1,1,1,1,no,no,0,0,0,1
CHEMBL4091801,ALRIZOMADLIN,CCN1[C@@H](C(=O)NC23CCC(C(=O)O)(CC2)CC3)[C@H](c2cccc(Cl)c2F)[C@]2(C(=O)Nc3cc(Cl)ccc32)C12CCCCC2,2.0,Recruiting,1.0,,1.0,,1,1,0,0,1,1,2,2,no,no,0,1,0,1
CHEMBL4116008,CERDULATINIB,CCS(=O)(=O)N1CCN(c2ccc(Nc3ncc(C(N)=O)c(NC4CC4)n3)cc2)CC1,,,,,1.0,,0,0,0,0,1,1,1,1,no,no,0,0,0,1
CHEMBL4130229,VODOBATINIB,Cc1ccc(C(=O)NNC(=O)c2c(C)cccc2Cl)cc1C#Cc1cnc2ccccc2c1,,,,,1.0,,0,0,0,0,1,1,1,1,no,no,0,0,0,1
CHEMBL414804,OXALIPLATIN,,,,,,1.0,,0,0,0,0,1,1,1,1,no,no,0,0,0,1
CHEMBL416,METHOXSALEN,COc1c2occc2cc2ccc(=O)oc12,,,,,1.0,,0,0,0,0,1,1,1,1,no,no,0,0,0,1
CHEMBL4167360,IDH305,Cc1cc([C@H](C)Nc2nccc(N3C(=O)OC[C@@H]3[C@@H](C)F)n2)ncc1-c1ccnc(C(F)(F)F)c1,2.0,Withdrawn,1.0,,1.0,,1,1,0,0,1,1,2,2,no,no,0,1,0,1
CHEMBL4204794,AVAPRITINIB,Cn1cc(-c2cc3c(N4CCN(c5ncc([C@@](C)(N)c6ccc(F)cc6)cn5)CC4)ncnn3c2)cn1,4.0,,1.0,1.0,1.0,,2,2,20,24,1,1,27,23,no,no,0,1,1,1
CHEMBL4206033,BAY1436032,C[C@H]1C[C@@H](n2c(Nc3ccc(OC(F)(F)F)cc3)nc3cc(CCC(=O)O)ccc32)CC(C)(C)C1,1.0,Completed,1.0,,,,1,1,0,0,0,0,1,1,no,no,0,1,0,0
CHEMBL4208229,ASCIMINIB,O=C(Nc1ccc(OC(F)(F)Cl)cc1)c1cnc(N2CC[C@@H](O)C2)c(-c2cc[nH]n2)c1,,,,,1.0,,0,0,0,0,1,1,1,1,no,no,0,0,0,1
CHEMBL4209157,LIFIRAFENIB,O=C1CCc2c(Oc3ccc4c(c3)[C@@H]3[C@H](O4)[C@H]3c3nc4cc(C(F)(F)F)ccc4[nH]3)ccnc2N1,,,,,1.0,,0,0,0,0,1,1,1,1,no,no,0,0,0,1
CHEMBL4216467,RIPRETINIB,CCn1c(=O)c(-c2cc(NC(=O)Nc3ccccc3)c(F)cc2Br)cc2cnc(NC)cc21,4.0,,1.0,1.0,1.0,,2,2,20,24,1,1,27,23,no,no,0,1,1,1
CHEMBL42442,OXFENDAZOLE,COC(=O)Nc1nc2cc([S+]([O-])c3ccccc3)ccc2[nH]1,,,,,1.0,,0,0,0,0,1,1,1,1,no,no,0,0,0,1
CHEMBL426161,AZM-475271,COc1ccc(Cl)c(Nc2ncnc3cc(OCC4CCN(C)CC4)c(OC)cc23)c1,,,,,1.0,,0,0,0,0,1,1,1,1,no,no,0,0,0,1
CHEMBL427,MECHLORETHAMINE,CN(CCCl)CCCl,,,,,1.0,,0,0,0,0,1,1,1,1,no,no,0,0,0,1
CHEMBL4279047,VORASIDENIB,C[C@@H](Nc1nc(N[C@H](C)C(F)(F)F)nc(-c2cccc(Cl)n2)n1)C(F)(F)F,3.0,"Active, not recruiting",1.0,,,,2,2,0,0,0,0,2,2,no,no,0,1,0,0
CHEMBL428647,PACLITAXEL,CC(=O)O[C@H]1C(=O)[C@@]2(C)[C@H]([C@H](OC(=O)c3ccccc3)[C@]3(O)C[C@H](OC(=O)[C@H](O)[C@@H](NC(=O)c4ccccc4)c4ccccc4)C(C)=C1C3(C)C)[C@]1(OC(C)=O)CO[C@@H]1C[C@@H]2O,,,,,1.0,,0,0,0,0,1,1,1,1,no,no,0,0,0,1
CHEMBL4297091,CODEINE SULFATE,COc1ccc2c3c1O[C@H]1[C@@H](O)C=C[C@H]4[C@@H](C2)N(C)CC[C@@]341.COc1ccc2c3c1O[C@H]1[C@@H](O)C=C[C@H]4[C@@H](C2)N(C)CC[C@@]341.O.O.O.O=S(=O)(O)O,,,,,1.0,,0,0,0,0,1,1,1,1,no,no,0,0,0,1
CHEMBL4297190,SURUFATINIB,Cc1cc2cc(Oc3ccnc(Nc4cccc(CS(=O)(=O)NCCN(C)C)c4)n3)ccc2[nH]1,,,,,1.0,,0,0,0,0,1,1,1,1,no,no,0,0,0,1
CHEMBL4297208,TRIPLATIN TETRANITRATE,,,,,,1.0,,0,0,0,0,1,1,1,1,no,no,0,0,0,1
CHEMBL4297216,FEDRATINIB HYDROCHLORIDE,Cc1cnc(Nc2ccc(OCCN3CCCC3)cc2)nc1Nc1cccc(S(=O)(=O)NC(C)(C)C)c1.Cl.Cl.O,4.0,,1.0,1.0,1.0,,2,2,6,7,1,1,10,9,no,no,0,1,1,1
CHEMBL4297220,ASCIMINIB HYDROCHLORIDE,Cl.O=C(Nc1ccc(OC(F)(F)Cl)cc1)c1cnc(N2CC[C@@H](O)C2)c(-c2cc[nH]n2)c1,,,,,1.0,,0,0,0,0,1,1,1,1,no,no,0,0,0,1
CHEMBL4297235,OMBIPEPIMUT-S,,3.0,Completed,1.0,,,,1,1,0,0,0,0,1,1,no,no,0,1,0,0
CHEMBL4297253,4-DEMETHYL-4-CHOLESTERYLOXYCARBONYLPENCLOMEDINE,COc1nc(C(Cl)(Cl)Cl)c(Cl)c(OC(=O)O[C@H]2CC[C@@]3(C)C(=CC[C@H]4[C@@H]5CC[C@H]([C@H](C)CCCC(C)C)[C@@]5(C)CC[C@@H]43)C2)c1Cl,,,,,1.0,,0,0,0,0,1,1,1,1,no,no,0,0,0,1
CHEMBL4297258,FIRMONERTINIB,C=CC(=O)Nc1cc(Nc2nccc(-c3cn(C)c4ccccc34)n2)c(OCC(F)(F)F)nc1N(C)CCN(C)C,,,,,1.0,,0,0,0,0,1,1,1,1,no,no,0,0,0,1
CHEMBL4297297,KP-1461,CCCCCCCOC(=O)NC1=NC(=O)N([C@H]2C[C@H](O)[C@@H](CO)O2)CN1,,,,,1.0,,0,0,0,0,1,1,1,1,no,no,0,0,0,1
CHEMBL4297453,PM-00104,COc1c(C)cc2c(c1O)[C@@H]1[C@@H]3Cc4c(OC(C)=O)c(C)c5c(c4[C@H](CNC(=O)/C=C/c4cccc(C(F)(F)F)c4)N3[C@@H](O)[C@H](C2)N1C)OCO5,,,,,1.0,,0,0,0,0,1,1,1,1,no,no,0,0,0,1
CHEMBL4297507,DELGOCITINIB,C[C@H]1CN(C(=O)CC#N)[C@]12CCN(c1ncnc3[nH]ccc13)C2,3.0,Recruiting,1.0,1.0,,,1,1,3,3,0,0,4,4,no,no,0,1,1,0
CHEMBL4297510,EMERAMIDE,O=C(NCCS)c1cccc(C(=O)NCCS)c1,,,,,1.0,,0,0,0,0,1,1,1,1,no,no,0,0,0,1
CHEMBL4297524,RADOTINIB,Cc1cn(-c2cc(NC(=O)c3ccc(C)c(Nc4nccc(-c5cnccn5)n4)c3)cc(C(F)(F)F)c2)cn1,,,,,1.0,,0,0,0,0,1,1,1,1,no,no,0,0,0,1
CHEMBL4297574,TEPRASIRAN,,2.0,Completed,1.0,,,,1,1,0,0,0,0,1,1,no,no,0,1,0,0
CHEMBL4297599,ASPACYTARABINE,N[C@@H](CC(=O)Nc1ccn([C@@H]2O[C@H](CO)[C@@H](O)[C@@H]2O)c(=O)n1)C(=O)O,2.0,Completed,1.0,,1.0,,6,6,0,0,1,1,7,7,no,no,0,1,0,1
CHEMBL4297636,PLOCABULIN,C/C=C\C[C@@H](C/C=C\NC(=O)[C@@H](NC(=O)/C=C\C=C/C(C)=C/[C@H](C)[C@@H]1CC=C(OC)C(=O)O1)C(C)(C)C)OC(N)=O,,,,,1.0,,0,0,0,0,1,1,1,1,no,no,0,0,0,1
CHEMBL4297865,ABIVERTINIB,C=CC(=O)Nc1cccc(Oc2nc(Nc3ccc(N4CCN(C)CC4)c(F)c3)nc3[nH]ccc23)c1,,,,,1.0,,0,0,0,0,1,1,1,1,no,no,0,0,0,1
CHEMBL4297866,ABIVERTINIB MALEATE,C=CC(=O)Nc1cccc(Oc2nc(Nc3ccc(N4CCN(C)CC4)c(F)c3)nc3[nH]ccc23)c1.O.O.O=C(O)/C=C\C(=O)O,,,,,1.0,,0,0,0,0,1,1,1,1,no,no,0,0,0,1
CHEMBL4298167,FILGOTINIB MALEATE,O=C(Nc1nc2cccc(-c3ccc(CN4CCS(=O)(=O)CC4)cc3)n2n1)C1CC1.O=C(O)/C=C\C(=O)O,4.0,,1.0,1.0,,,1,1,3,3,0,0,4,4,no,no,0,1,1,0
CHEMBL4303201,CATEQUENTINIB,COc1cc2c(Oc3ccc4[nH]c(C)cc4c3F)ccnc2cc1OCC1(N)CC1,3.0,Not yet recruiting,1.0,1.0,1.0,,2,2,20,24,1,1,27,23,no,no,0,1,1,1
CHEMBL4303214,FRUQUINTINIB,CNC(=O)c1c(C)oc2cc(Oc3ncnc4cc(OC)c(OC)cc34)ccc12,,,,,1.0,,0,0,0,0,1,1,1,1,no,no,0,0,0,1
CHEMBL4303389,NS-018,C[C@H](Nc1cc(-c2cnn(C)c2)cc(Nc2cnccn2)n1)c1ccc(F)cc1,1.0,Completed,1.0,1.0,,,1,1,3,3,0,0,4,4,no,no,0,1,1,0
CHEMBL4303729,PLIXORAFENIB,O=C(c1c(F)ccc(NS(=O)(=O)N2CC[C@@H](F)C2)c1F)c1c[nH]c2ncc(-c3cnc(C4CC4)nc3)cc12,,,,,1.0,,0,0,0,0,1,1,1,1,no,no,0,0,0,1
CHEMBL43452,POMALIDOMIDE,Nc1cccc2c1C(=O)N(C1CCC(=O)NC1=O)C2=O,,,,,1.0,,0,0,0,0,1,1,1,1,no,no,0,0,0,1
CHEMBL443684,NAVITOCLAX,CC1(C)CCC(c2ccc(Cl)cc2)=C(CN2CCN(c3ccc(C(=O)NS(=O)(=O)c4ccc(N[C@H](CCN5CCOCC5)CSc5ccccc5)c(S(=O)(=O)C(F)(F)F)c4)cc3)CC2)C1,,,,,1.0,,0,0,0,0,1,1,1,1,no,no,0,0,0,1
CHEMBL444172,ZOSUQUIDAR,O[C@@H](COc1cccc2ncccc12)CN1CCN([C@@H]2c3ccccc3[C@@H]3[C@H](c4ccccc42)C3(F)F)CC1,,,,,1.0,,0,0,0,0,1,1,1,1,no,no,0,0,0,1
CHEMBL447629,MITOBRONITOL,O[C@@H]([C@H](O)[C@H](O)CBr)[C@H](O)CBr,,,,,1.0,,0,0,0,0,1,1,1,1,no,no,0,0,0,1
CHEMBL450449,TRABECTEDIN,COc1cc2c(cc1O)CCN[C@]21CS[C@@H]2c3c(OC(C)=O)c(C)c4c(c3[C@H](COC1=O)N1[C@@H]2[C@H]2c3c(cc(C)c(OC)c3O)C[C@@H]([C@@H]1O)N2C)OCO4,,,,,1.0,,0,0,0,0,1,1,1,1,no,no,0,0,0,1
CHEMBL452231,TENIPOSIDE,COc1cc([C@@H]2c3cc4c(cc3[C@@H](O[C@@H]3O[C@@H]5CO[C@@H](c6cccs6)O[C@H]5[C@H](O)[C@H]3O)[C@H]3COC(=O)[C@H]23)OCO4)cc(OC)c1O,4.0,,1.0,,1.0,,1,1,0,0,1,1,2,2,no,no,0,1,0,1
CHEMBL4535757,SOTORASIB,C=CC(=O)N1CCN(c2nc(=O)n(-c3c(C)ccnc3C(C)C)c3nc(-c4c(O)cccc4F)c(F)cc23)[C@@H](C)C1,4.0,,1.0,,,,1,1,0,0,0,0,1,1,no,no,0,1,0,0
CHEMBL4558324,LAZERTINIB,C=CC(=O)Nc1cc(Nc2nccc(-n3cc(CN(C)C)c(-c4ccccc4)n3)n2)c(OC)cc1N1CCOCC1,,,,,1.0,,0,0,0,0,1,1,1,1,no,no,0,0,0,1
CHEMBL4559134,SELPERCATINIB,COc1ccc(CN2C3CC2CN(c2ccc(-c4cc(OCC(C)(C)O)cn5ncc(C#N)c45)cn2)C3)cn1,,,,,1.0,,0,0,0,0,1,1,1,1,no,no,0,0,0,1
CHEMBL4582651,PRALSETINIB,CO[C@]1(C(=O)N[C@@H](C)c2ccc(-n3cc(F)cn3)nc2)CC[C@H](c2nc(C)cc(Nc3cc(C)[nH]n3)n2)CC1,,,,,1.0,,0,0,0,0,1,1,1,1,no,no,0,0,0,1
CHEMBL4594253,MIVAVOTINIB CITRATE,Cn1cc(-c2nc(N[C@@H]3CCCC[C@@H]3N)c(F)c3c2C(=O)NC3)cn1.O=C(O)CC(O)(CC(=O)O)C(=O)O,,,,,1.0,,0,0,0,0,1,1,1,1,no,no,0,0,0,1
CHEMBL4594260,TAZEMETOSTAT HYDROBROMIDE,Br.CCN(c1cc(-c2ccc(CN3CCOCC3)cc2)cc(C(=O)NCc2c(C)cc(C)[nH]c2=O)c1C)C1CCOCC1,4.0,,1.0,,,,1,1,0,0,0,0,1,1,no,no,0,1,0,0
CHEMBL4594275,GUSACITINIB,N#CCC1CCN(c2nc(Nc3ccc(N4CCC(O)CC4)cc3)c3c(=O)[nH]ncc3n2)CC1,2.0,Terminated,1.0,1.0,1.0,,1,1,3,3,1,1,5,5,no,no,0,1,1,1
CHEMBL4594298,ENCEQUIDAR,COc1cc2c(cc1OC)CN(CCc1ccc(-n3nnc(-c4cc(OC)c(OC)cc4NC(=O)c4cc(=O)c5ccccc5o4)n3)cc1)CC2,,,,,1.0,,0,0,0,0,1,1,1,1,no,no,0,0,0,1
CHEMBL4594350,ADAGRASIB,C=C(F)C(=O)N1CCN(c2nc(OC[C@@H]3CCCN3C)nc3c2CCN(c2cccc4cccc(Cl)c24)C3)C[C@@H]1CC#N,4.0,,1.0,,,,1,1,0,0,0,0,1,1,no,no,0,1,0,0
CHEMBL464,ETRETINATE,CCOC(=O)/C=C(C)/C=C/C=C(C)/C=C/c1c(C)cc(OC)c(C)c1C,4.0,,1.0,,,,2,2,0,0,0,0,2,2,no,no,0,1,0,0
CHEMBL4650281,CLN-081,C=CC(=O)N[C@H]1C=C(C)c2c(-c3cnc4ccccc4c3)c3c(N)ncnc3n2C1,,,,,1.0,,0,0,0,0,1,1,1,1,no,no,0,0,0,1
CHEMBL4650282,DS-1001B,CC(C)(C)N.Cc1cn(C(=O)c2c(-c3c(Cl)cc(Cl)cc3Cl)noc2C(C)(C)F)c2cccc(/C=C/C(=O)O)c12,2.0,"Active, not recruiting",1.0,,1.0,,1,1,0,0,1,1,2,2,no,no,0,1,0,1
CHEMBL4650283,FF-10101,CCCNc1nc(Nc2ccc(C#N)cc2)ncc1C#CCCCNC(=O)[C@H](C)N(C)C(=O)/C=C/CN(C)C,1.0,Completed,1.0,1.0,,,1,1,4,4,0,0,5,5,no,no,0,1,1,0
CHEMBL4650288,FLYSYN,,1.0,Completed,1.0,1.0,,,1,1,4,4,0,0,5,5,no,no,0,1,1,0
CHEMBL4650295,AMG553,,1.0,Withdrawn,1.0,1.0,,,1,1,4,4,0,0,5,5,no,no,0,1,1,0
CHEMBL4650319,MOBOCERTINIB,C=CC(=O)Nc1cc(Nc2ncc(C(=O)OC(C)C)c(-c3cn(C)c4ccccc34)n2)c(OC)cc1N(C)CCN(C)C,,,,,1.0,,0,0,0,0,1,1,1,1,no,no,0,0,0,1
CHEMBL4650333,SERALUTINIB,COc1ccc(-c2cncc(N[C@@H](C)c3cccc(NC(=O)c4cncc(C)c4)c3)n2)cc1OC,3.0,Not yet recruiting;Recruiting,1.0,1.0,1.0,,3,3,20,28,1,1,32,24,no,no,0,1,1,1
CHEMBL4650343,IZENCITINIB,Cc1cc(Nc2cc3ncccc3c(N[C@@H]3C[C@H]4CC[C@@H](C3)N4CCC#N)n2)n[nH]1,2.0,Terminated,1.0,1.0,,,1,1,3,3,0,0,4,4,no,no,0,1,1,0
CHEMBL4650387,CDX-301,,2.0,Terminated,1.0,1.0,,,1,1,4,4,0,0,5,5,no,no,0,1,1,0
CHEMBL4650521,BATOPROTAFIB,C[C@@H]1OCC2(CCN(c3cnc(Sc4ccnc(N)c4Cl)c(N)n3)CC2)[C@@H]1N,1.0,Recruiting,1.0,,,,1,1,0,0,0,0,1,1,no,no,0,1,0,0
CHEMBL4651002,SAFUSIDENIB,Cc1cn(C(=O)c2c(-c3c(Cl)cc(Cl)cc3Cl)noc2C(C)(C)F)c2cccc(/C=C/C(=O)O)c12,2.0,Recruiting,1.0,,,,1,1,0,0,0,0,1,1,no,no,0,1,0,0
CHEMBL468,THALIDOMIDE,O=C1CCC(N2C(=O)c3ccccc3C2=O)C(=O)N1,,,,,1.0,,0,0,0,0,1,1,1,1,no,no,0,0,0,1
CHEMBL473417,VISMODEGIB,CS(=O)(=O)c1ccc(C(=O)Nc2ccc(Cl)c(-c3ccccn3)c2)c(Cl)c1,4.0,,1.0,,,,1,1,0,0,0,0,1,1,no,no,0,1,0,0
CHEMBL475251,R-406,COc1cc(Nc2ncc(F)c(Nc3ccc4c(n3)NC(=O)C(C)(C)O4)n2)cc(OC)c1OC,,,,,1.0,,0,0,0,0,1,1,1,1,no,no,0,0,0,1
CHEMBL476,DACARBAZINE,CN(C)/N=N/c1[nH]cnc1C(N)=O,,,,,1.0,,0,0,0,0,1,1,1,1,no,no,0,0,0,1
CHEMBL4761468,AUMOLERTINIB,C=CC(=O)Nc1cc(Nc2nccc(-c3cn(C4CC4)c4ccccc34)n2)c(OC)cc1N(C)CCN(C)C,,,,,1.0,,0,0,0,0,1,1,1,1,no,no,0,0,0,1
CHEMBL477772,PAZOPANIB,Cc1ccc(Nc2nccc(N(C)c3ccc4c(C)n(C)nc4c3)n2)cc1S(N)(=O)=O,3.0,"Active, not recruiting",1.0,1.0,,,3,3,20,28,0,0,31,23,no,no,0,1,1,0
CHEMBL4790100,AKN-028,Nc1ncc(-c2ccncc2)nc1Nc1ccc2[nH]ccc2c1,1.0,Terminated,1.0,1.0,1.0,,1,1,4,4,1,1,6,6,no,no,0,1,1,1
CHEMBL4802163,NEZULCITINIB,CCc1cc(O)ccc1-c1ccc2c(-c3nc4c([nH]3)C[C@@H](C(=O)N3CC(N(C)C)C3)N(C(C)C)C4)n[nH]c2c1,1.0,Completed,1.0,1.0,,,1,1,3,3,0,0,4,4,no,no,0,1,1,0
CHEMBL4802239,MOBOCERTINIB SUCCINATE,C=CC(=O)Nc1cc(Nc2ncc(C(=O)OC(C)C)c(-c3cn(C)c4ccccc34)n2)c(OC)cc1N(C)CCN(C)C.O=C(O)CCC(=O)O,,,,,1.0,,0,0,0,0,1,1,1,1,no,no,0,0,0,1
CHEMBL481958,AMRUBICIN HYDROCHLORIDE,CC(=O)[C@]1(N)Cc2c(O)c3c(c(O)c2[C@@H](O[C@H]2C[C@H](O)[C@H](O)CO2)C1)C(=O)c1ccccc1C3=O.Cl,3.0,Terminated,1.0,,1.0,,1,1,0,0,1,1,2,2,no,no,0,1,0,1
CHEMBL482968,ENMD-2076,Cc1cc(Nc2cc(N3CCN(C)CC3)nc(/C=C/c3ccccc3)n2)n[nH]1,2.0,Completed,1.0,1.0,1.0,,2,2,20,24,1,1,27,23,no,no,0,1,1,1
CHEMBL491473,CEDIRANIB,COc1cc2c(Oc3ccc4[nH]c(C)cc4c3F)ncnc2cc1OCCCN1CCCC1,3.0,Completed,1.0,1.0,1.0,,3,3,20,28,1,1,32,24,no,no,0,1,1,1
CHEMBL495727,AT-9283,O=C(Nc1c[nH]nc1-c1nc2ccc(CN3CCOCC3)cc2[nH]1)NC1CC1,2.0,Completed,1.0,1.0,1.0,,2,2,6,7,1,1,10,9,no,no,0,1,1,1
CHEMBL49642,INDIBULIN,O=C(Nc1ccncc1)C(=O)c1cn(Cc2ccc(Cl)cc2)c2ccccc12,,,,,1.0,,0,0,0,0,1,1,1,1,no,no,0,0,0,1
CHEMBL497,CLIOQUINOL,Oc1c(I)cc(Cl)c2cccnc12,,,,,1.0,,0,0,0,0,1,1,1,1,no,no,0,0,0,1
CHEMBL498847,SECNIDAZOLE,Cc1ncc([N+](=O)[O-])n1CC(C)O,,,,,1.0,,0,0,0,0,1,1,1,1,no,no,0,0,0,1
CHEMBL502835,NINTEDANIB,COC(=O)c1ccc2c(c1)NC(=O)/C2=C(\Nc1ccc(N(C)C(=O)CN2CCN(C)CC2)cc1)c1ccccc1,3.0,,1.0,1.0,,,2,2,4,8,0,0,10,6,no,no,0,1,1,0
CHEMBL50882,TIRAPAZAMINE,Nc1n[n+]([O-])c2ccccc2[n+]1[O-],,,,,1.0,,0,0,0,0,1,1,1,1,no,no,0,0,0,1
CHEMBL5095033,IBCASERTIB,COc1ccc2c(Oc3ccc4c(C(=O)Nc5ccccc5N)cccc4c3)ccnc2c1,,,,,1.0,,0,0,0,0,1,1,1,1,no,no,0,0,0,1
CHEMBL5095034,SOVLEPLENIB,CS(=O)(=O)N1CCC(c2ccc(-c3ncc4nccnc4c3NC[C@@H]3CNCCO3)cc2)CC1,,,,,1.0,,0,0,0,0,1,1,1,1,no,no,0,0,0,1
CHEMBL5095049,PACRITINIB CITRATE,C1=C/COCc2cc(ccc2OCCN2CCCC2)Nc2nccc(n2)-c2cccc(c2)COC/1.O=C(O)CC(O)(CC(=O)O)C(=O)O,4.0,,1.0,1.0,1.0,,2,2,6,7,1,1,10,9,no,no,0,1,1,1
CHEMBL513,CARMUSTINE,O=NN(CCCl)C(=O)NCCCl,,,,,1.0,,0,0,0,0,1,1,1,1,no,no,0,0,0,1
CHEMBL513909,BI-2536,CC[C@@H]1C(=O)N(C)c2cnc(Nc3ccc(C(=O)NC4CCN(C)CC4)cc3OC)nc2N1C1CCCC1,,,,,1.0,,0,0,0,0,1,1,1,1,no,no,0,0,0,1
CHEMBL514,LOMUSTINE,O=NN(CCCl)C(=O)NC1CCCCC1,,,,,1.0,,0,0,0,0,1,1,1,1,no,no,0,0,0,1
CHEMBL515,CHLORAMBUCIL,O=C(O)CCCc1ccc(N(CCCl)CCCl)cc1,,,,,1.0,,0,0,0,0,1,1,1,1,no,no,0,0,0,1
CHEMBL515271,R-112,Oc1cccc(Nc2ncc(F)c(Nc3cccc(O)c3)n2)c1,,,,,1.0,,0,0,0,0,1,1,1,1,no,no,0,0,0,1
CHEMBL522892,DOVITINIB,CN1CCN(c2ccc3nc(-c4c(N)c5c(F)cccc5[nH]c4=O)[nH]c3c2)CC1,3.0,Completed,1.0,1.0,1.0,,4,4,20,32,1,1,37,25,no,no,0,1,1,1
CHEMBL52885,ENMD-981693,Cn1cc(C2=C(c3cn(C)c4cc([N+](=O)[O-])ccc34)C(=O)NC2=O)c2ccccc21,2.0,Completed,1.0,1.0,1.0,,3,3,4,12,1,1,16,8,no,no,0,1,1,1
CHEMBL5314346,VERTEPORFIN,,,,,,1.0,,0,0,0,0,1,1,1,1,no,no,0,0,0,1
CHEMBL5314384,R-348,C#CCOc1ccc(Nc2nc(Nc3ccc(C)c(S(=O)(=O)NC(=O)CC)c3)ncc2F)cc1,,,,,1.0,,0,0,0,0,1,1,1,1,no,no,0,0,0,1
CHEMBL5314391,XL-999,CCN1CCC(Nc2ccc3c(c2)/C(=C(\c2cccc(F)c2)c2nc(C)c[nH]2)C(=O)N3)CC1,2.0,Terminated,1.0,1.0,1.0,,4,4,20,32,1,1,37,25,no,no,0,1,1,1
CHEMBL5314406,4SC-203,COc1ccc(C)cc1NC(=O)Nc1nc2ccc(Nc3ncnc4cc(OCCCN5CCN(C)CC5)c(OC)cc34)cc2s1,1.0,Completed,1.0,1.0,,,1,1,4,4,0,0,5,5,no,no,0,1,1,0
CHEMBL5314410,THELIATINIB,C#Cc1cccc(Nc2ncnc3cc(OC)c(NC(=O)N4C[C@H]5CCN(C)[C@H]5C4)cc23)c1,,,,,1.0,,0,0,0,0,1,1,1,1,no,no,0,0,0,1
CHEMBL5315053,PEMETREXED MONOHYDRATE,Nc1nc2[nH]cc(CCc3ccc(C(=O)N[C@@H](CCC(=O)O)C(=O)O)cc3)c2c(=O)[nH]1.O,,,,,1.0,,0,0,0,0,1,1,1,1,no,no,0,0,0,1
CHEMBL5315119,UPADACITINIB HEMIHYDRATE,CC[C@@H]1CN(C(=O)NCC(F)(F)F)C[C@@H]1c1cnc2cnc3[nH]ccc3n12.CC[C@@H]1CN(C(=O)NCC(F)(F)F)C[C@@H]1c1cnc2cnc3[nH]ccc3n12.O,4.0,,1.0,1.0,,,1,1,3,3,0,0,4,4,no,no,0,1,1,0
CHEMBL535,SUNITINIB,CCN(CC)CCNC(=O)c1c(C)[nH]c(/C=C2\C(=O)Nc3ccc(F)cc32)c1C,4.0,Completed;Terminated,1.0,1.0,1.0,,4,4,20,32,1,1,37,25,no,no,0,1,1,1
CHEMBL538867,PATIDEGIB,CC1=C2C[C@H]3[C@@H](CC[C@@H]4C[C@H](NS(C)(=O)=O)CC[C@@]43C)[C@@H]2CC[C@@]2(C1)O[C@@H]1C[C@H](C)CN[C@H]1[C@H]2C,3.0,Terminated,1.0,,1.0,,1,1,0,0,1,1,2,2,no,no,0,1,0,1
CHEMBL538943,VINORELBINE TARTRATE,CCC1=C[C@@H]2CN(C1)Cc1c([nH]c3ccccc13)[C@@](C(=O)OC)(c1cc3c(cc1OC)N(C)[C@H]1[C@@](O)(C(=O)OC)[C@H](OC(C)=O)[C@]4(CC)C=CCN5CC[C@]31[C@@H]54)C2.O=C(O)C(O)C(O)C(=O)O.O=C(O)C(O)C(O)C(=O)O,,,,,1.0,,0,0,0,0,1,1,1,1,no,no,0,0,0,1
CHEMBL5416410,DASATINIB,Cc1nc(Nc2ncc(C(=O)Nc3c(C)cccc3Cl)s2)cc(N2CCN(CCO)CC2)n1.O,,,,,1.0,,0,0,0,0,1,1,1,1,no,no,0,0,0,1
CHEMBL545315,CANERTINIB DIHYDROCHLORIDE,C=CC(=O)Nc1cc2c(Nc3ccc(F)c(Cl)c3)ncnc2cc1OCCCN1CCOCC1.Cl.Cl,,,,,1.0,,0,0,0,0,1,1,1,1,no,no,0,0,0,1
CHEMBL547,ISOTRETINOIN,CC1=C(/C=C/C(C)=C/C=C/C(C)=C\C(=O)O)C(C)(C)CCC1,4.0,,1.0,,1.0,,2,2,0,0,1,1,3,3,no,no,0,1,0,1
CHEMBL550348,DEFERASIROX,O=C(O)c1ccc(-n2nc(-c3ccccc3O)nc2-c2ccccc2O)cc1,,,,,1.0,,0,0,0,0,1,1,1,1,no,no,0,0,0,1
CHEMBL552212,LEXIBULIN,CCC[C@H](Nc1nc(-c2ccc(NC(=O)NCC)c(OC)c2)ncc1C)c1cccnc1,,,,,1.0,,0,0,0,0,1,1,1,1,no,no,0,0,0,1
CHEMBL55400,PROFLAVINE,Nc1ccc2cc3ccc(N)cc3nc2c1,,,,,1.0,,0,0,0,0,1,1,1,1,no,no,0,0,0,1
CHEMBL558752,RAF-265,Cn1c(Nc2ccc(C(F)(F)F)cc2)nc2cc(Oc3ccnc(-c4ncc(C(F)(F)F)[nH]4)c3)ccc21,,,,,1.0,,0,0,0,0,1,1,1,1,no,no,0,0,0,1
CHEMBL562,GRISEOFULVIN,COC1=CC(=O)C[C@@H](C)[C@]12Oc1c(Cl)c(OC)cc(OC)c1C2=O,,,,,1.0,,0,0,0,0,1,1,1,1,no,no,0,0,0,1
CHEMBL565612,SOTRASTAURIN,CN1CCN(c2nc(C3=C(c4c[nH]c5ccccc45)C(=O)NC3=O)c3ccccc3n2)CC1,,,,,1.0,,0,0,0,0,1,1,1,1,no,no,0,0,0,1
CHEMBL571546,TIRBANIBULIN,O=C(Cc1ccc(-c2ccc(OCCN3CCOCC3)cc2)cn1)NCc1ccccc1,,,,,1.0,,0,0,0,0,1,1,1,1,no,no,0,0,0,1
CHEMBL572,NITROFURANTOIN,O=C1CN(/N=C/c2ccc([N+](=O)[O-])o2)C(=O)N1,,,,,1.0,,0,0,0,0,1,1,1,1,no,no,0,0,0,1
CHEMBL572284,OMBRABULIN,COc1ccc(/C=C\c2cc(OC)c(OC)c(OC)c2)cc1NC(=O)[C@@H](N)CO,,,,,1.0,,0,0,0,0,1,1,1,1,no,no,0,0,0,1
CHEMBL572881,MOTESANIB,CC1(C)CNc2cc(NC(=O)c3cccnc3NCc3ccncc3)ccc21,3.0,Terminated,1.0,1.0,1.0,,3,3,20,28,1,1,32,24,no,no,0,1,1,1
CHEMBL574737,UCN-01,CN[C@@H]1C[C@H]2O[C@@](C)([C@@H]1OC)n1c3ccccc3c3c4c(c5c6ccccc6n2c5c31)C(=O)N[C@H]4O,,,,,1.0,,0,0,0,0,1,1,1,1,no,no,0,0,0,1
CHEMBL58061,CO-TRIMOXAZOLE,COc1cc(Cc2cnc(N)nc2N)cc(OC)c1OC.Cc1cc(NS(=O)(=O)c2ccc(N)cc2)no1,,,,,1.0,,0,0,0,0,1,1,1,1,no,no,0,0,0,1
CHEMBL587723,AEE-788,CCN1CCN(Cc2ccc(-c3cc4c(N[C@H](C)c5ccccc5)ncnc4[nH]3)cc2)CC1,,,,,1.0,,0,0,0,0,1,1,1,1,no,no,0,0,0,1
CHEMBL601719,CRIZOTINIB,C[C@@H](Oc1cc(-c2cnn(C3CCNCC3)c2)cnc1N)c1c(Cl)ccc(F)c1Cl,4.0,,1.0,,,,1,1,0,0,0,0,1,1,no,no,0,1,0,0
CHEMBL603469,LESTAURTINIB,C[C@]12O[C@H](C[C@]1(O)CO)n1c3ccccc3c3c4c(c5c6ccccc6n2c5c31)CNC4=O,3.0,"Active, not recruiting",1.0,1.0,1.0,,2,2,6,7,1,1,10,9,no,no,0,1,1,1
CHEMBL6067642,CODEINE PHOSPHATE,COc1ccc2c3c1O[C@H]1[C@@H](O)C=C[C@H]4[C@@H](C2)N(C)CC[C@@]341.COc1ccc2c3c1O[C@H]1[C@@H](O)C=C[C@H]4[C@@H](C2)N(C)CC[C@@]341.O.O=P(O)(O)O.O=P(O)(O)O,,,,,1.0,,0,0,0,0,1,1,1,1,no,no,0,0,0,1
CHEMBL6068329,PEMETREXED DIPOTASSIUM,Nc1nc2[nH]cc(CCc3ccc(C(=O)N[C@@H](CCC(=O)[O-])C(=O)[O-])cc3)c2c(=O)[nH]1.[K+].[K+],,,,,1.0,,0,0,0,0,1,1,1,1,no,no,0,0,0,1
CHEMBL6068478,LAZERTINIB MESYLATE,C=CC(=O)Nc1cc(Nc2nccc(-n3cc(CN(C)C)c(-c4ccccc4)n3)n2)c(OC)cc1N1CCOCC1.CS(=O)(=O)O.O,,,,,1.0,,0,0,0,0,1,1,1,1,no,no,0,0,0,1
CHEMBL607707,PELITINIB,CCOc1cc2ncc(C#N)c(Nc3ccc(F)c(Cl)c3)c2cc1NC(=O)/C=C/CN(C)C,,,,,1.0,,0,0,0,0,1,1,1,1,no,no,0,0,0,1
CHEMBL625,THIABENDAZOLE,c1ccc2[nH]c(-c3cscn3)nc2c1,,,,,1.0,,0,0,0,0,1,1,1,1,no,no,0,0,0,1
CHEMBL632,BETAMETHASONE,C[C@H]1C[C@H]2[C@@H]3CCC4=CC(=O)C=C[C@]4(C)[C@@]3(F)[C@@H](O)C[C@]2(C)[C@@]1(O)C(=O)CO,,,,,1.0,,0,0,0,0,1,1,1,1,no,no,0,0,0,1
CHEMBL64894,GENTIAN VIOLET,CN(C)c1ccc(C(=C2C=CC(=[N+](C)C)C=C2)c2ccc(N(C)C)cc2)cc1.[Cl-],,,,,1.0,,0,0,0,0,1,1,1,1,no,no,0,0,0,1
CHEMBL671,THIOTEPA,S=P(N1CC1)(N1CC1)N1CC1,,,,,1.0,,0,0,0,0,1,1,1,1,no,no,0,0,0,1
CHEMBL685,MEBENDAZOLE,COC(=O)Nc1nc2cc(C(=O)c3ccccc3)ccc2[nH]1,,,,,1.0,,0,0,0,0,1,1,1,1,no,no,0,0,0,1
CHEMBL705,ALITRETINOIN,CC1=C(/C=C/C(C)=C\C=C\C(C)=C\C(=O)O)C(C)(C)CCC1,4.0,,1.0,,,,2,2,0,0,0,0,2,2,no,no,0,1,0,0
CHEMBL73822,APAZIQUONE,Cn1c(/C=C/CO)c(CO)c2c1C(=O)C=C(N1CC1)C2=O,,,,,1.0,,0,0,0,0,1,1,1,1,no,no,0,0,0,1
CHEMBL7492,PIRITREXIM,COc1ccc(OC)c(Cc2cnc3nc(N)nc(N)c3c2C)c1,,,,,1.0,,0,0,0,0,1,1,1,1,no,no,0,0,0,1
CHEMBL788,IDOXURIDINE,O=c1[nH]c(=O)n([C@H]2C[C@H](O)[C@@H](CO)O2)cc1I,,,,,1.0,,0,0,0,0,1,1,1,1,no,no,0,0,0,1
CHEMBL810,TEMOZOLOMIDE,Cn1nnc2c(C(N)=O)ncn2c1=O,,,,,1.0,,0,0,0,0,1,1,1,1,no,no,0,0,0,1
CHEMBL820,BUSULFAN,CS(=O)(=O)OCCCCOS(C)(=O)=O,,,,,1.0,,0,0,0,0,1,1,1,1,no,no,0,0,0,1
CHEMBL847,OXAMNIQUINE,CC(C)NCC1CCc2cc(CO)c([N+](=O)[O-])cc2N1,,,,,1.0,,0,0,0,0,1,1,1,1,no,no,0,0,0,1
CHEMBL852,MELPHALAN,N[C@@H](Cc1ccc(N(CCCl)CCCl)cc1)C(=O)O,,,,,1.0,,0,0,0,0,1,1,1,1,no,no,0,0,0,1
CHEMBL866,MYCOPHENOLIC ACID,COc1c(C)c2c(c(O)c1C/C=C(\C)CCC(=O)O)C(=O)OC2,,,,,1.0,,0,0,0,0,1,1,1,1,no,no,0,0,0,1
CHEMBL869,NITROFURAZONE,NC(=O)N/N=C/c1ccc([N+](=O)[O-])o1,,,,,1.0,,0,0,0,0,1,1,1,1,no,no,0,0,0,1
CHEMBL888,GEMCITABINE,Nc1ccn([C@@H]2O[C@H](CO)[C@@H](O)C2(F)F)c(=O)n1,4.0,,1.0,,,,6,6,0,0,0,0,6,6,no,no,0,1,0,0
CHEMBL90983,TERAMEPROCOL,COc1ccc(C[C@@H](C)[C@@H](C)Cc2ccc(OC)c(OC)c2)cc1OC,,,,,1.0,,0,0,0,0,1,1,1,1,no,no,0,0,0,1
CHEMBL939,GEFITINIB,COc1cc2ncnc(Nc3ccc(F)c(Cl)c3)c2cc1OCCCN1CCOCC1,,,,,1.0,,0,0,0,0,1,1,1,1,no,no,0,0,0,1
CHEMBL989,FLUOCINOLONE ACETONIDE,CC1(C)O[C@@H]2C[C@H]3[C@@H]4C[C@H](F)C5=CC(=O)C=C[C@]5(C)[C@@]4(F)[C@@H](O)C[C@]3(C)[C@]2(C(=O)CO)O1,,,,,1.0,,0,0,0,0,1,1,1,1,no,no,0,0,0,1
